country,city,coffee_in_cafe,cost_beer,cost_coworking,cost_nomad,female_friendly,fragile_states_index,free_wifi_available,freedom_score,friendly_to_foreigners,internet_speed,life_score,nightlife,nomad_score,places_to_work,racism,safety,marine_species
Thailand,Chiang Mai,0.85,0.85,98.88,777,0.8,78.8,0.6,0.2,0.6,14,0.75,0.4,0.95,0.8,0.4,0.8,7
Thailand,Phuket,1.41,1.41,155.43,1012,0.6,78.8,0.4,0.2,0.6,14,0.75,0.82,0.85,0.8,0.42,0.8,7
Thailand,Bangkok,2.12,2.12,131.41,1197,0.8,78.8,1.0,0.2,1.0,24,0.72,1.0,0.84,1.0,0.42,0.77,7
Thailand,Ko Samui,1.41,1.41,169.56,1352,0.8,78.8,0.4,0.2,1.0,15,0.8,0.8,0.84,0.8,0.4,0.8,7
Thailand,Chiang Rai,1.41,1.41,195.38,1134,0.6,78.8,0.6,0.2,1.0,12,0.76,0.8,0.74,0.6,0.6,0.6,7
Thailand,Hua Hin,1.55,1.55,172.39,1232,0.6,78.8,0.4,0.2,0.6,13,0.66,0.6,0.69,0.4,0.6,0.4,7
Taiwan,Taipei,1.88,1.88,47.01,1545,1.0,74.6,1.0,0.6,0.8,16,0.93,0.6,0.94,1.0,0.0,1.0,6
Taiwan,Taichung,1.57,1.57,219.39,1456,0.8,59.4,1.0,0.6,0.6,7,0.77,0.4,0.74,0.6,0.0,0.8,6
Taiwan,Kaohsiung,1.57,1.57,95.59,1160,1.0,76.4,1.0,0.6,1.0,9,0.82,0.6,0.72,0.4,0.0,1.0,6
Taiwan,Tainan,0.0,0.0,251.44,1398,0.8,71.8,0.8,0.6,0.6,5,0.79,0.6,0.72,0.6,0.6,0.8,6
United States,Austin,5.0,5.0,200.0,3028,0.8,34.0,0.6,0.6,0.8,118,0.95,1.0,0.94,1.0,0.8,0.73,14
United States,Austin,5.0,5.0,200.0,3028,0.8,34.0,0.6,0.6,0.8,118,0.95,1.0,0.94,1.0,0.8,0.73,14
United States,Miami,4.0,4.0,250.0,3238,0.8,34.0,1.0,0.6,0.8,81,1.0,1.0,0.92,1.0,0.8,0.73,14
United States,Miami,4.0,4.0,250.0,3238,0.8,34.0,1.0,0.6,0.8,81,1.0,1.0,0.92,1.0,0.8,0.73,14
United States,Portland,5.0,5.0,300.0,3503,0.8,34.0,0.4,0.6,1.0,23,0.95,1.0,0.9,1.0,0.8,0.8,14
United States,Portland,5.0,5.0,300.0,3503,0.8,34.0,0.4,0.6,1.0,23,0.95,1.0,0.9,1.0,0.8,0.8,14
United States,Portland,5.0,5.0,300.0,3503,0.8,34.0,0.4,0.6,1.0,23,0.95,1.0,0.9,1.0,0.8,0.8,14
United States,Portland,5.0,5.0,300.0,3503,0.8,34.0,0.4,0.6,1.0,23,0.95,1.0,0.9,1.0,0.8,0.8,14
United States,Portland,5.0,5.0,300.0,3503,0.8,34.0,0.4,0.6,1.0,23,0.95,1.0,0.9,1.0,0.8,0.8,14
United States,San Diego,5.0,5.0,490.0,3427,0.8,34.0,1.0,0.6,1.0,55,0.92,1.0,0.89,1.0,0.8,0.6,14
United States,Atlanta,3.5,3.5,300.0,2956,0.8,34.0,0.6,0.6,0.8,99,0.87,0.6,0.88,1.0,0.8,0.4,14
United States,Wellington,4.97,4.97,266.44,2408,1.0,21.3,1.0,0.8,1.0,11,0.89,0.6,0.87,1.0,1.0,0.8,14
United States,Wellington,4.97,4.97,266.44,2408,1.0,21.3,1.0,0.8,1.0,11,0.89,0.6,0.87,1.0,1.0,0.8,14
United States,Minneapolis,4.0,4.0,400.0,3193,0.8,34.0,0.6,0.6,1.0,17,0.89,0.44,0.86,1.0,0.8,0.6,14
United States,Oakland,5.0,5.0,250.0,3400,0.8,34.0,0.8,0.6,0.6,20,0.87,0.8,0.86,1.0,0.8,0.38,14
United States,Oakland,5.0,5.0,250.0,3400,0.8,34.0,0.8,0.6,0.6,20,0.87,0.8,0.86,1.0,0.8,0.38,14
United States,Oakland,5.0,5.0,250.0,3400,0.8,34.0,0.8,0.6,0.6,20,0.87,0.8,0.86,1.0,0.8,0.38,14
United States,Houston,6.0,6.0,199.0,3164,0.0,34.0,0.6,0.6,0.64,15,0.83,0.8,0.85,1.0,0.82,0.4,14
United States,Las Vegas,5.0,5.0,175.0,2552,0.8,34.0,0.98,0.6,1.0,55,0.94,1.0,0.85,0.8,0.8,0.8,14
United States,Las Vegas,5.0,5.0,175.0,2552,0.8,34.0,0.98,0.6,1.0,55,0.94,1.0,0.85,0.8,0.8,0.8,14
United States,Denver,4.0,4.0,450.0,3602,0.8,34.0,0.6,0.6,0.8,101,0.88,0.6,0.85,1.0,0.8,0.8,14
United States,Seattle,5.0,5.0,345.0,4370,0.8,34.0,1.0,0.6,0.8,17,0.91,0.8,0.84,1.0,0.8,0.8,14
United States,Berlin,4.3,4.3,172.05,2236,1.0,28.6,1.0,0.8,1.0,40,0.88,1.0,0.84,0.8,1.0,1.0,14
United States,Berlin,4.3,4.3,172.05,2236,1.0,28.6,1.0,0.8,1.0,40,0.88,1.0,0.84,0.8,1.0,1.0,14
United States,San Antonio,5.0,5.0,50.0,2671,0.8,34.0,0.8,0.6,0.8,45,0.88,0.8,0.84,0.8,0.8,0.8,14
United States,Dallas,5.0,5.0,121.0,3158,0.8,34.0,0.8,0.6,0.8,49,0.89,0.4,0.84,0.8,0.8,0.8,14
United States,Dallas,5.0,5.0,121.0,3158,0.8,34.0,0.8,0.6,0.8,49,0.89,0.4,0.84,0.8,0.8,0.8,14
United States,Dallas,5.0,5.0,121.0,3158,0.8,34.0,0.8,0.6,0.8,49,0.89,0.4,0.84,0.8,0.8,0.8,14
United States,Dallas,5.0,5.0,121.0,3158,0.8,34.0,0.8,0.6,0.8,49,0.89,0.4,0.84,0.8,0.8,0.8,14
United States,Kansas City,4.5,4.5,200.0,3051,0.8,34.0,0.6,0.6,1.0,97,0.89,1.0,0.83,0.8,0.8,0.44,14
United States,Kansas City,4.5,4.5,200.0,3051,0.8,34.0,0.6,0.6,1.0,97,0.89,1.0,0.83,0.8,0.8,0.44,14
United States,Hamburg,4.3,4.3,430.13,3052,1.0,28.6,0.2,0.8,0.8,22,0.9,1.0,0.83,0.8,0.8,1.0,14
United States,Madison,5.0,5.0,45.0,2743,1.0,34.0,0.8,0.6,0.8,33,0.88,0.6,0.83,0.8,0.8,0.8,14
United States,Madison,5.0,5.0,45.0,2743,1.0,34.0,0.8,0.6,0.8,33,0.88,0.6,0.83,0.8,0.8,0.8,14
United States,Madison,5.0,5.0,45.0,2743,1.0,34.0,0.8,0.6,0.8,33,0.88,0.6,0.83,0.8,0.8,0.8,14
United States,Madison,5.0,5.0,45.0,2743,1.0,34.0,0.8,0.6,0.8,33,0.88,0.6,0.83,0.8,0.8,0.8,14
United States,Madison,5.0,5.0,45.0,2743,1.0,34.0,0.8,0.6,0.8,33,0.88,0.6,0.83,0.8,0.8,0.8,14
United States,Madison,5.0,5.0,45.0,2743,1.0,34.0,0.8,0.6,0.8,33,0.88,0.6,0.83,0.8,0.8,0.8,14
United States,Buffalo,5.0,5.0,100.0,2798,1.0,34.0,0.8,0.6,0.8,37,0.88,0.8,0.83,0.8,0.8,0.8,14
United States,Buffalo,5.0,5.0,100.0,2798,1.0,34.0,0.8,0.6,0.8,37,0.88,0.8,0.83,0.8,0.8,0.8,14
United States,Fort Lauderdale,5.5,5.5,300.0,3145,1.0,34.0,0.8,0.6,0.8,12,0.88,1.0,0.82,0.8,0.8,0.6,14
United States,Tampa,5.0,5.0,97.0,2823,0.6,34.0,0.8,0.6,0.8,45,0.86,0.8,0.82,0.8,0.8,0.8,14
United States,Louisville,4.0,4.0,80.0,2627,1.0,34.0,0.8,0.6,0.8,35,0.87,0.6,0.82,0.8,0.8,0.8,14
United States,Louisville,4.0,4.0,80.0,2627,1.0,34.0,0.8,0.6,0.8,35,0.87,0.6,0.82,0.8,0.8,0.8,14
United States,Louisville,4.0,4.0,80.0,2627,1.0,34.0,0.8,0.6,0.8,35,0.87,0.6,0.82,0.8,0.8,0.8,14
United States,Philadelphia,7.5,7.5,350.0,4497,0.8,34.0,1.0,0.6,0.8,23,0.88,1.0,0.82,1.0,0.8,0.6,14
United States,New Orleans,5.0,5.0,275.0,3034,0.8,34.0,0.4,0.6,1.0,36,0.87,1.0,0.82,0.8,0.8,0.6,14
United States,Lisbon,2.69,2.69,106.46,1844,0.8,29.2,0.6,0.8,0.8,54,0.84,1.0,0.82,0.6,0.8,0.8,14
United States,Richmond,5.0,5.0,250.0,2824,0.8,34.0,1.0,0.6,0.6,24,0.84,0.8,0.81,0.8,0.8,0.6,14
United States,Richmond,5.0,5.0,250.0,2824,0.8,34.0,1.0,0.6,0.6,24,0.84,0.8,0.81,0.8,0.8,0.6,14
United States,Richmond,5.0,5.0,250.0,2824,0.8,34.0,1.0,0.6,0.6,24,0.84,0.8,0.81,0.8,0.8,0.6,14
United States,Richmond,5.0,5.0,250.0,2824,0.8,34.0,1.0,0.6,0.6,24,0.84,0.8,0.81,0.8,0.8,0.6,14
United States,Richmond,5.0,5.0,250.0,2824,0.8,34.0,1.0,0.6,0.6,24,0.84,0.8,0.81,0.8,0.8,0.6,14
United States,Sacramento,5.0,5.0,180.0,3033,1.0,34.0,1.0,0.6,0.8,32,0.87,0.6,0.81,0.8,0.8,0.8,14
United States,Albuquerque,4.5,4.5,40.0,2361,1.0,34.0,0.8,0.6,0.6,23,0.89,0.8,0.81,0.8,0.8,0.8,14
United States,Norfolk,5.0,5.0,150.0,2773,0.8,34.0,0.0,0.6,0.8,34,0.86,0.42,0.81,0.8,0.78,0.8,14
United States,Norfolk,5.0,5.0,150.0,2773,0.8,34.0,0.0,0.6,0.8,34,0.86,0.42,0.81,0.8,0.78,0.8,14
United States,Norfolk,5.0,5.0,150.0,2773,0.8,34.0,0.0,0.6,0.8,34,0.86,0.42,0.81,0.8,0.78,0.8,14
United States,Colorado Springs,4.0,4.0,200.0,3202,1.0,34.0,0.6,0.6,0.8,36,0.87,0.6,0.81,0.8,0.8,0.8,14
United States,Windsor,3.69,3.69,73.86,2668,0.8,23.8,0.8,0.8,1.0,30,0.87,0.6,0.81,0.8,1.0,1.0,14
United States,Windsor,3.69,3.69,73.86,2668,0.8,23.8,0.8,0.8,1.0,30,0.87,0.6,0.81,0.8,1.0,1.0,14
United States,Windsor,3.69,3.69,73.86,2668,0.8,23.8,0.8,0.8,1.0,30,0.87,0.6,0.81,0.8,1.0,1.0,14
United States,Windsor,3.69,3.69,73.86,2668,0.8,23.8,0.8,0.8,1.0,30,0.87,0.6,0.81,0.8,1.0,1.0,14
United States,Omaha,5.0,5.0,350.0,2956,0.8,34.0,0.0,0.6,0.8,31,0.85,1.0,0.81,0.8,0.8,0.8,14
United States,Raleigh,5.0,5.0,300.0,2945,1.0,34.0,1.0,0.6,0.8,30,0.86,0.8,0.81,0.8,0.8,0.6,14
United States,Vienna,4.84,4.84,182.81,2615,1.0,27.5,1.0,0.8,0.8,36,0.85,0.76,0.81,0.8,0.6,1.0,14
United States,Vienna,4.84,4.84,182.81,2615,1.0,27.5,1.0,0.8,0.8,36,0.85,0.76,0.81,0.8,0.6,1.0,14
United States,Nashville,5.0,5.0,275.0,3482,0.8,34.0,0.4,0.6,0.8,28,0.9,1.0,0.8,0.8,0.8,0.8,14
United States,Milwaukee,7.0,7.0,110.0,3582,1.0,34.0,0.8,0.6,0.8,28,0.88,0.6,0.8,0.8,0.8,0.8,14
United States,Rotterdam,5.38,5.38,161.3,3041,0.6,28.2,0.8,1.0,0.8,50,0.84,0.8,0.8,0.8,0.8,0.6,14
United States,Phoenix,5.0,5.0,250.0,2729,1.0,34.0,0.6,0.6,0.4,40,0.81,0.6,0.8,0.8,0.8,0.8,14
United States,Rochester,5.0,5.0,200.0,3015,0.8,34.0,0.4,0.6,0.8,22,0.84,0.6,0.8,0.8,0.8,0.6,14
United States,Rochester,5.0,5.0,200.0,3015,0.8,34.0,0.4,0.6,0.8,22,0.84,0.6,0.8,0.8,0.8,0.6,14
United States,Rochester,5.0,5.0,200.0,3015,0.8,34.0,0.4,0.6,0.8,22,0.84,0.6,0.8,0.8,0.8,0.6,14
United States,Rochester,5.0,5.0,200.0,3015,0.8,34.0,0.4,0.6,0.8,22,0.84,0.6,0.8,0.8,0.8,0.6,14
United States,Orlando,5.0,5.0,200.0,2796,0.8,34.0,0.4,0.6,0.8,66,0.83,0.6,0.8,0.8,0.8,0.6,14
United States,Bristol,4.37,4.37,224.55,3461,1.0,32.4,0.42,0.6,1.0,0,0.89,0.8,0.79,0.8,1.0,1.0,14
United States,Bristol,4.37,4.37,224.55,3461,1.0,32.4,0.42,0.6,1.0,0,0.89,0.8,0.79,0.8,1.0,1.0,14
United States,Bristol,4.37,4.37,224.55,3461,1.0,32.4,0.42,0.6,1.0,0,0.89,0.8,0.79,0.8,1.0,1.0,14
United States,Bristol,4.37,4.37,224.55,3461,1.0,32.4,0.42,0.6,1.0,0,0.89,0.8,0.79,0.8,1.0,1.0,14
United States,Bristol,4.37,4.37,224.55,3461,1.0,32.4,0.42,0.6,1.0,0,0.89,0.8,0.79,0.8,1.0,1.0,14
United States,Tucson,5.0,5.0,150.0,2576,0.8,34.0,0.8,0.6,1.0,15,0.82,0.4,0.79,0.8,0.8,0.6,14
United States,Asheville,5.0,5.0,260.0,3087,1.0,34.0,0.8,0.6,0.8,18,0.85,0.6,0.79,0.8,0.8,1.0,14
United States,Manchester,4.37,4.37,249.5,2857,0.8,32.4,0.6,0.6,0.8,0,0.84,1.0,0.79,0.8,1.0,0.6,14
United States,Manchester,4.37,4.37,249.5,2857,0.8,32.4,0.6,0.6,0.8,0,0.84,1.0,0.79,0.8,1.0,0.6,14
United States,Manchester,4.37,4.37,249.5,2857,0.8,32.4,0.6,0.6,0.8,0,0.84,1.0,0.79,0.8,1.0,0.6,14
United States,Manchester,4.37,4.37,249.5,2857,0.8,32.4,0.6,0.6,0.8,0,0.84,1.0,0.79,0.8,1.0,0.6,14
United States,Manchester,4.37,4.37,249.5,2857,0.8,32.4,0.6,0.6,0.8,0,0.84,1.0,0.79,0.8,1.0,0.6,14
United States,Manchester,4.37,4.37,249.5,2857,0.8,32.4,0.6,0.6,0.8,0,0.84,1.0,0.79,0.8,1.0,0.6,14
United States,Manchester,4.37,4.37,249.5,2857,0.8,32.4,0.6,0.6,0.8,0,0.84,1.0,0.79,0.8,1.0,0.6,14
United States,Grand Rapids,5.0,5.0,99.0,3071,1.0,34.0,0.8,0.6,0.8,26,0.85,0.8,0.79,0.8,0.8,0.8,14
United States,Grand Rapids,5.0,5.0,99.0,3071,1.0,34.0,0.8,0.6,0.8,26,0.85,0.8,0.79,0.8,0.8,0.8,14
United States,Athens,5.91,5.91,209.69,2720,0.6,55.9,0.8,0.4,0.8,8,0.81,0.8,0.79,0.8,0.8,0.8,14
United States,Athens,5.91,5.91,209.69,2720,0.6,55.9,0.8,0.4,0.8,8,0.81,0.8,0.79,0.8,0.8,0.8,14
United States,Athens,5.91,5.91,209.69,2720,0.6,55.9,0.8,0.4,0.8,8,0.81,0.8,0.79,0.8,0.8,0.8,14
United States,Athens,5.91,5.91,209.69,2720,0.6,55.9,0.8,0.4,0.8,8,0.81,0.8,0.79,0.8,0.8,0.8,14
United States,Athens,5.91,5.91,209.69,2720,0.6,55.9,0.8,0.4,0.8,8,0.81,0.8,0.79,0.8,0.8,0.8,14
United States,San Jose,5.0,5.0,250.0,3312,1.0,34.0,0.8,0.6,1.0,12,0.85,0.6,0.79,0.8,0.8,0.8,14
United States,Panama City,3.5,3.5,300.0,3523,0.6,53.2,1.0,0.4,1.0,15,0.81,0.8,0.79,0.8,0.8,1.0,14
United States,Pittsburgh,5.0,5.0,150.0,3359,1.0,34.0,0.8,0.6,0.6,24,0.85,0.8,0.79,0.8,0.8,0.8,14
United States,Palo Alto,5.0,5.0,559.0,4029,0.6,34.0,0.8,0.6,0.8,19,0.85,0.8,0.79,0.8,0.8,0.8,14
United States,Oklahoma City,5.0,5.0,350.0,2834,0.8,34.0,0.8,0.6,0.6,0,0.82,0.6,0.79,0.8,0.8,0.8,14
United States,Florence,6.45,6.45,204.31,3161,0.8,43.1,0.6,0.6,1.0,14,0.83,1.0,0.78,0.8,0.4,0.8,14
United States,Florence,6.45,6.45,204.31,3161,0.8,43.1,0.6,0.6,1.0,14,0.83,1.0,0.78,0.8,0.4,0.8,14
United States,Florence,6.45,6.45,204.31,3161,0.8,43.1,0.6,0.6,1.0,14,0.83,1.0,0.78,0.8,0.4,0.8,14
United States,Florence,6.45,6.45,204.31,3161,0.8,43.1,0.6,0.6,1.0,14,0.83,1.0,0.78,0.8,0.4,0.8,14
United States,Florence,6.45,6.45,204.31,3161,0.8,43.1,0.6,0.6,1.0,14,0.83,1.0,0.78,0.8,0.4,0.8,14
United States,Florence,6.45,6.45,204.31,3161,0.8,43.1,0.6,0.6,1.0,14,0.83,1.0,0.78,0.8,0.4,0.8,14
United States,St. Louis,5.0,5.0,100.0,3179,0.8,34.0,0.6,0.6,0.8,47,0.83,0.6,0.78,0.8,0.8,0.6,14
United States,Salt Lake City,5.0,5.0,400.0,3159,0.8,34.0,1.0,0.6,1.0,33,0.87,0.6,0.78,0.8,0.8,0.8,14
United States,Warsaw,2.43,2.43,121.7,2128,0.4,40.7,0.6,0.6,0.8,21,0.8,1.0,0.78,0.8,0.4,0.62,14
United States,London,6.24,6.24,249.5,3020,0.8,32.4,0.44,0.6,0.8,14,0.82,1.0,0.78,0.8,1.0,0.6,14
United States,Charlotte,5.0,5.0,21.0,2564,0.8,34.0,0.8,0.6,0.8,23,0.85,0.8,0.77,0.4,0.6,1.0,14
United States,Charlotte,5.0,5.0,21.0,2564,0.8,34.0,0.8,0.6,0.8,23,0.85,0.8,0.77,0.4,0.6,1.0,14
United States,Boulder,5.0,5.0,350.0,4217,0.8,34.0,0.6,0.6,1.0,61,0.93,0.8,0.77,0.8,0.8,0.8,14
United States,Bellingham,7.5,7.5,35.0,3281,0.8,34.0,0.6,0.6,1.0,18,0.83,0.4,0.77,0.8,0.8,0.8,14
United States,Bellingham,7.5,7.5,35.0,3281,0.8,34.0,0.6,0.6,1.0,18,0.83,0.4,0.77,0.8,0.8,0.8,14
United States,Honolulu,6.0,6.0,199.0,4306,1.0,34.0,0.6,0.6,1.0,6,0.88,0.8,0.77,0.8,0.8,1.0,14
United States,Cincinnati,5.05,5.05,35.0,2597,0.8,34.0,0.8,0.6,0.8,23,0.84,0.8,0.77,0.8,0.6,1.0,14
United States,Ottawa,3.69,3.69,88.63,2472,1.0,23.8,0.6,0.8,1.0,0,0.84,0.4,0.77,0.8,1.0,1.0,14
United States,Ottawa,3.69,3.69,88.63,2472,1.0,23.8,0.6,0.8,1.0,0,0.84,0.4,0.77,0.8,1.0,1.0,14
United States,Columbus,5.0,5.0,500.0,3535,0.8,34.0,0.6,0.6,1.0,52,0.83,0.6,0.77,0.8,0.8,0.8,14
United States,Columbus,5.0,5.0,500.0,3535,0.8,34.0,0.6,0.6,1.0,52,0.83,0.6,0.77,0.8,0.8,0.8,14
United States,Columbus,5.0,5.0,500.0,3535,0.8,34.0,0.6,0.6,1.0,52,0.83,0.6,0.77,0.8,0.8,0.8,14
United States,Columbus,5.0,5.0,500.0,3535,0.8,34.0,0.6,0.6,1.0,52,0.83,0.6,0.77,0.8,0.8,0.8,14
United States,Columbus,5.0,5.0,500.0,3535,0.8,34.0,0.6,0.6,1.0,52,0.83,0.6,0.77,0.8,0.8,0.8,14
United States,Hobart,3.77,3.77,237.72,2248,1.0,22.5,1.0,0.8,1.0,30,0.88,0.6,0.76,0.4,0.8,0.8,14
United States,Hobart,3.77,3.77,237.72,2248,1.0,22.5,1.0,0.8,1.0,30,0.88,0.6,0.76,0.4,0.8,0.8,14
United States,Gainesville,4.0,4.0,366.0,2590,1.0,34.0,0.8,0.6,0.8,70,0.83,0.6,0.76,0.4,0.76,0.8,14
United States,Gainesville,4.0,4.0,366.0,2590,1.0,34.0,0.8,0.6,0.8,70,0.83,0.6,0.76,0.4,0.76,0.8,14
United States,Gainesville,4.0,4.0,366.0,2590,1.0,34.0,0.8,0.6,0.8,70,0.83,0.6,0.76,0.4,0.76,0.8,14
United States,Gainesville,4.0,4.0,366.0,2590,1.0,34.0,0.8,0.6,0.8,70,0.83,0.6,0.76,0.4,0.76,0.8,14
United States,Brighton,4.37,4.37,248.26,3273,0.0,32.4,0.8,0.6,0.8,0,0.84,0.8,0.76,0.8,1.0,0.8,14
United States,Brighton,4.37,4.37,248.26,3273,0.0,32.4,0.8,0.6,0.8,0,0.84,0.8,0.76,0.8,1.0,0.8,14
United States,Brighton,4.37,4.37,248.26,3273,0.0,32.4,0.8,0.6,0.8,0,0.84,0.8,0.76,0.8,1.0,0.8,14
United States,Baton Rouge,4.63,4.63,616.1,2908,0.8,34.0,0.8,0.6,1.0,27,0.88,1.0,0.76,0.8,0.6,0.8,14
United States,Cambridge,4.37,4.37,324.36,2874,0.8,32.4,0.4,0.6,1.0,0,0.82,0.4,0.76,0.8,1.0,1.0,14
United States,Cambridge,4.37,4.37,324.36,2874,0.8,32.4,0.4,0.6,1.0,0,0.82,0.4,0.76,0.8,1.0,1.0,14
United States,Cambridge,4.37,4.37,324.36,2874,0.8,32.4,0.4,0.6,1.0,0,0.82,0.4,0.76,0.8,1.0,1.0,14
United States,Cambridge,4.37,4.37,324.36,2874,0.8,32.4,0.4,0.6,1.0,0,0.82,0.4,0.76,0.8,1.0,1.0,14
United States,Dublin,5.38,5.38,161.3,3292,0.6,22.5,0.4,0.8,0.6,31,0.83,1.0,0.76,0.8,1.0,0.96,14
United States,Dublin,5.38,5.38,161.3,3292,0.6,22.5,0.4,0.8,0.6,31,0.83,1.0,0.76,0.8,1.0,0.96,14
United States,Dublin,5.38,5.38,161.3,3292,0.6,22.5,0.4,0.8,0.6,31,0.83,1.0,0.76,0.8,1.0,0.96,14
United States,Chico,4.0,4.0,150.0,2489,0.8,34.0,1.0,0.6,1.0,28,0.84,1.0,0.76,0.4,0.8,0.8,14
United States,Victoria,4.06,4.06,240.03,3061,1.0,23.8,1.0,0.8,1.0,0,0.83,0.6,0.76,0.8,1.0,1.0,14
United States,Victoria,4.06,4.06,240.03,3061,1.0,23.8,1.0,0.8,1.0,0,0.83,0.6,0.76,0.8,1.0,1.0,14
United States,Flagstaff,3.0,3.0,503.0,3117,0.6,34.0,0.8,0.6,0.8,27,0.83,0.8,0.76,0.4,0.6,0.8,14
United States,Glasgow,4.37,4.37,37.43,2720,1.0,32.4,0.4,0.6,1.0,0,0.86,0.8,0.76,0.8,1.0,1.0,14
United States,Glasgow,4.37,4.37,37.43,2720,1.0,32.4,0.4,0.6,1.0,0,0.86,0.8,0.76,0.8,1.0,1.0,14
United States,Fairfax,7.5,7.5,250.0,3587,1.0,34.0,0.8,0.6,0.8,55,0.85,0.8,0.75,0.8,0.8,0.8,14
United States,Memphis,4.38,4.38,150.0,2561,1.0,34.0,0.8,0.6,0.8,29,0.82,0.6,0.75,0.8,0.8,0.8,14
United States,Memphis,4.38,4.38,150.0,2561,1.0,34.0,0.8,0.6,0.8,29,0.82,0.6,0.75,0.8,0.8,0.8,14
United States,Boise,4.5,4.5,366.0,3076,1.0,34.0,0.8,0.6,0.8,13,0.84,1.0,0.75,0.8,0.8,0.8,14
United States,Moscow,3.79,3.79,197.02,1883,0.4,81.0,1.0,0.2,0.4,13,0.59,1.0,0.75,1.0,0.6,0.6,14
United States,Des Moines,5.0,5.0,250.0,2883,0.8,34.0,0.6,0.6,1.0,38,0.83,0.6,0.75,0.4,0.8,0.8,14
United States,Des Moines,5.0,5.0,250.0,2883,0.8,34.0,0.6,0.6,1.0,38,0.83,0.6,0.75,0.4,0.8,0.8,14
United States,Mount Vernon,4.0,4.0,458.0,3553,0.6,34.0,0.8,0.6,0.6,0,0.82,0.6,0.75,0.8,0.6,0.8,14
United States,Mount Vernon,4.0,4.0,458.0,3553,0.6,34.0,0.8,0.6,0.6,0,0.82,0.6,0.75,0.8,0.6,0.8,14
United States,Mount Vernon,4.0,4.0,458.0,3553,0.6,34.0,0.8,0.6,0.6,0,0.82,0.6,0.75,0.8,0.6,0.8,14
United States,Mount Vernon,4.0,4.0,458.0,3553,0.6,34.0,0.8,0.6,0.6,0,0.82,0.6,0.75,0.8,0.6,0.8,14
United States,Mount Vernon,4.0,4.0,458.0,3553,0.6,34.0,0.8,0.6,0.6,0,0.82,0.6,0.75,0.8,0.6,0.8,14
United States,Knoxville,5.0,5.0,90.0,2334,1.0,34.0,0.8,0.6,0.8,13,0.81,0.4,0.75,0.4,0.8,0.8,14
United States,Belgrade,1.35,1.35,87.43,1014,0.8,72.0,0.62,0.6,0.82,10,0.71,1.0,0.74,0.8,0.62,0.8,14
United States,Provo,5.0,5.0,406.26,3013,0.8,34.0,0.6,0.6,0.8,80,0.84,0.8,0.74,0.6,0.8,0.8,14
United States,Ogden,5.0,5.0,79.0,2617,0.0,34.0,0.0,0.6,0.8,56,0.8,0.8,0.74,0.6,0.8,0.8,14
United States,Ogden,5.0,5.0,79.0,2617,0.0,34.0,0.0,0.6,0.8,56,0.8,0.8,0.74,0.6,0.8,0.8,14
United States,Ogden,5.0,5.0,79.0,2617,0.0,34.0,0.0,0.6,0.8,56,0.8,0.8,0.74,0.6,0.8,0.8,14
United States,Reno,5.0,5.0,300.0,2604,0.8,34.0,0.6,0.6,0.6,13,0.8,1.0,0.74,0.2,0.8,0.6,14
United States,Birmingham,4.37,4.37,342.44,3367,1.0,32.4,0.6,0.6,0.8,0,0.88,0.4,0.74,0.8,1.0,1.0,14
United States,Birmingham,4.37,4.37,342.44,3367,1.0,32.4,0.6,0.6,0.8,0,0.88,0.4,0.74,0.8,1.0,1.0,14
United States,Virginia Beach,5.59,5.59,139.0,2243,0.8,34.0,0.8,0.6,0.6,27,0.83,0.8,0.74,0.4,0.6,0.8,14
United States,Battle Creek,1.89,1.89,132.98,1310,0.6,34.0,0.8,0.6,0.6,34,0.78,0.6,0.74,0.6,0.6,0.6,14
United States,Paris,8.06,8.06,322.6,3944,0.8,34.5,0.6,0.6,0.64,15,0.81,1.0,0.74,0.8,0.8,0.6,14
United States,Paris,8.06,8.06,322.6,3944,0.8,34.5,0.6,0.6,0.64,15,0.81,1.0,0.74,0.8,0.8,0.6,14
United States,Paris,8.06,8.06,322.6,3944,0.8,34.5,0.6,0.6,0.64,15,0.81,1.0,0.74,0.8,0.8,0.6,14
United States,Paris,8.06,8.06,322.6,3944,0.8,34.5,0.6,0.6,0.64,15,0.81,1.0,0.74,0.8,0.8,0.6,14
United States,Los Angeles,5.0,5.0,125.0,4083,0.8,34.0,1.0,0.6,1.0,19,0.84,1.0,0.74,1.0,0.8,0.6,14
United States,Newark,7.25,7.25,400.0,4072,0.8,34.0,0.6,0.6,0.8,9,0.82,0.8,0.74,0.8,0.8,0.75,14
United States,Newark,7.25,7.25,400.0,4072,0.8,34.0,0.6,0.6,0.8,9,0.82,0.8,0.74,0.8,0.8,0.75,14
United States,Newark,7.25,7.25,400.0,4072,0.8,34.0,0.6,0.6,0.8,9,0.82,0.8,0.74,0.8,0.8,0.75,14
United States,Newark,7.25,7.25,400.0,4072,0.8,34.0,0.6,0.6,0.8,9,0.82,0.8,0.74,0.8,0.8,0.75,14
United States,Newark,7.25,7.25,400.0,4072,0.8,34.0,0.6,0.6,0.8,9,0.82,0.8,0.74,0.8,0.8,0.75,14
United States,Leeds,4.37,4.37,187.13,3012,0.8,32.4,0.6,0.6,1.0,0,0.83,0.8,0.74,0.4,1.0,0.8,14
United States,Chattanooga,5.0,5.0,325.0,3168,0.8,34.0,1.0,0.6,1.0,85,0.82,0.6,0.74,0.4,0.8,0.8,14
United States,Melbourne,5.66,5.66,415.06,2934,1.0,22.5,0.2,0.8,0.8,6,0.8,0.8,0.74,0.6,0.8,0.82,14
United States,La Plata,3.27,3.27,15.38,2290,0.6,48.4,0.2,0.6,1.0,5,0.74,1.0,0.73,0.4,0.8,0.4,14
United States,Amsterdam,5.38,5.38,258.08,3314,0.8,28.2,0.8,1.0,0.98,10,0.8,1.0,0.73,0.8,0.8,0.8,14
United States,Jacksonville,4.0,4.0,150.0,2586,1.0,34.0,1.0,0.6,0.8,20,0.83,0.6,0.73,0.4,0.8,0.6,14
United States,Jacksonville,4.0,4.0,150.0,2586,1.0,34.0,1.0,0.6,0.8,20,0.83,0.6,0.73,0.4,0.8,0.6,14
United States,Jacksonville,4.0,4.0,150.0,2586,1.0,34.0,1.0,0.6,0.8,20,0.83,0.6,0.73,0.4,0.8,0.6,14
United States,Jacksonville,4.0,4.0,150.0,2586,1.0,34.0,1.0,0.6,0.8,20,0.83,0.6,0.73,0.4,0.8,0.6,14
United States,Jacksonville,4.0,4.0,150.0,2586,1.0,34.0,1.0,0.6,0.8,20,0.83,0.6,0.73,0.4,0.8,0.6,14
United States,Jacksonville,4.0,4.0,150.0,2586,1.0,34.0,1.0,0.6,0.8,20,0.83,0.6,0.73,0.4,0.8,0.6,14
United States,Fargo,5.0,5.0,350.0,2959,0.8,34.0,0.6,0.6,1.0,61,0.81,0.6,0.73,0.4,0.8,0.8,14
United States,Fresno,4.5,4.5,39.0,2421,1.0,34.0,1.0,0.6,1.0,35,0.84,1.0,0.73,0.4,0.8,0.8,14
United States,Fresno,4.5,4.5,39.0,2421,1.0,34.0,1.0,0.6,1.0,35,0.84,1.0,0.73,0.4,0.8,0.8,14
United States,Bloomington,5.0,5.0,215.0,3386,0.8,34.0,0.4,0.6,0.8,28,0.81,0.6,0.73,0.4,0.8,0.8,14
United States,Bloomington,5.0,5.0,215.0,3386,0.8,34.0,0.4,0.6,0.8,28,0.81,0.6,0.73,0.4,0.8,0.8,14
United States,Bloomington,5.0,5.0,215.0,3386,0.8,34.0,0.4,0.6,0.8,28,0.81,0.6,0.73,0.4,0.8,0.8,14
United States,Bloomington,5.0,5.0,215.0,3386,0.8,34.0,0.4,0.6,0.8,28,0.81,0.6,0.73,0.4,0.8,0.8,14
United States,Baltimore,7.5,7.5,295.0,3943,0.6,34.0,0.8,0.6,0.6,17,0.75,0.6,0.73,0.8,0.4,0.4,14
United States,Wichita,4.0,4.0,401.38,2593,0.6,34.0,0.8,0.6,0.6,26,0.81,0.6,0.73,0.6,0.6,0.8,14
United States,Cleveland,5.0,5.0,100.0,3316,0.6,34.0,0.0,0.6,0.6,30,0.79,0.8,0.73,0.4,0.8,0.6,14
United States,Cleveland,5.0,5.0,100.0,3316,0.6,34.0,0.0,0.6,0.6,30,0.79,0.8,0.73,0.4,0.8,0.6,14
United States,Cleveland,5.0,5.0,100.0,3316,0.6,34.0,0.0,0.6,0.6,30,0.79,0.8,0.73,0.4,0.8,0.6,14
United States,San Juan,6.0,6.0,250.0,2618,0.6,34.0,0.6,0.6,1.0,16,0.78,1.0,0.73,0.4,0.8,0.8,14
United States,Key West,4.0,4.0,486.78,4499,0.8,34.0,0.8,0.6,0.8,27,0.87,1.0,0.72,0.8,0.6,0.8,14
United States,Rome,8.06,8.06,645.2,3972,0.6,43.1,0.2,0.6,0.8,10,0.76,0.6,0.72,0.8,0.4,0.6,14
United States,Rome,8.06,8.06,645.2,3972,0.6,43.1,0.2,0.6,0.8,10,0.76,0.6,0.72,0.8,0.4,0.6,14
United States,Beacon,5.0,5.0,200.0,3191,0.8,34.0,0.6,0.6,0.8,52,0.8,0.4,0.72,0.4,0.8,0.8,14
United States,Ann Arbor,5.0,5.0,450.0,3498,1.0,34.0,0.8,0.6,0.8,29,0.81,0.6,0.72,0.4,0.8,0.8,14
United States,Princeton,4.0,4.0,457.5,3674,0.6,34.0,0.8,0.6,0.8,41,0.8,0.8,0.72,1.0,0.6,0.8,14
United States,Princeton,4.0,4.0,457.5,3674,0.6,34.0,0.8,0.6,0.8,41,0.8,0.8,0.72,1.0,0.6,0.8,14
United States,Princeton,4.0,4.0,457.5,3674,0.6,34.0,0.8,0.6,0.8,41,0.8,0.8,0.72,1.0,0.6,0.8,14
United States,West Palm Beach,6.0,6.0,299.0,3300,0.8,34.0,0.8,0.6,1.0,5,0.81,1.0,0.72,0.4,0.8,0.6,14
United States,Geneva,10.03,10.03,816.49,5381,0.8,21.8,0.6,0.8,1.0,25,0.87,0.6,0.71,0.8,0.6,1.0,14
United States,Geneva,10.03,10.03,816.49,5381,0.8,21.8,0.6,0.8,1.0,25,0.87,0.6,0.71,0.8,0.6,1.0,14
United States,Leicester,4.37,4.37,37.43,2635,0.8,32.4,0.6,0.6,1.0,0,0.79,0.8,0.71,0.4,1.0,0.8,14
United States,Indianapolis,5.0,5.0,200.0,3188,0.8,34.0,0.6,0.6,0.8,22,0.78,0.4,0.71,0.4,0.8,0.6,14
United States,Scottsdale,5.0,5.0,524.6,3545,0.6,34.0,0.8,0.6,0.6,33,0.81,0.8,0.71,0.6,0.6,0.8,14
United States,Tulsa,4.9,4.9,590.48,3312,0.8,34.0,0.6,0.6,0.6,20,0.82,0.6,0.71,0.4,0.6,0.8,14
United States,San Francisco,5.0,5.0,570.0,4879,0.8,34.0,1.0,0.6,1.0,9,0.83,1.0,0.71,0.8,0.8,0.62,14
United States,Dunedin,5.33,5.33,433.41,2751,1.0,21.3,0.8,0.8,0.8,22,0.83,0.8,0.71,0.4,1.0,1.0,14
United States,Washington,7.5,7.5,400.0,4317,1.0,34.0,1.0,0.6,0.8,32,0.79,1.0,0.71,0.8,0.8,0.4,14
United States,Washington,7.5,7.5,400.0,4317,1.0,34.0,1.0,0.6,0.8,32,0.79,1.0,0.71,0.8,0.8,0.4,14
United States,Washington,7.5,7.5,400.0,4317,1.0,34.0,1.0,0.6,0.8,32,0.79,1.0,0.71,0.8,0.8,0.4,14
United States,Washington,7.5,7.5,400.0,4317,1.0,34.0,1.0,0.6,0.8,32,0.79,1.0,0.71,0.8,0.8,0.4,14
United States,Washington,7.5,7.5,400.0,4317,1.0,34.0,1.0,0.6,0.8,32,0.79,1.0,0.71,0.8,0.8,0.4,14
United States,Washington,7.5,7.5,400.0,4317,1.0,34.0,1.0,0.6,0.8,32,0.79,1.0,0.71,0.8,0.8,0.4,14
United States,Washington,7.5,7.5,400.0,4317,1.0,34.0,1.0,0.6,0.8,32,0.79,1.0,0.71,0.8,0.8,0.4,14
United States,Washington,7.5,7.5,400.0,4317,1.0,34.0,1.0,0.6,0.8,32,0.79,1.0,0.71,0.8,0.8,0.4,14
United States,Washington,7.5,7.5,400.0,4317,1.0,34.0,1.0,0.6,0.8,32,0.79,1.0,0.71,0.8,0.8,0.4,14
United States,Washington,7.5,7.5,400.0,4317,1.0,34.0,1.0,0.6,0.8,32,0.79,1.0,0.71,0.8,0.8,0.4,14
United States,Washington,7.5,7.5,400.0,4317,1.0,34.0,1.0,0.6,0.8,32,0.79,1.0,0.71,0.8,0.8,0.4,14
United States,Oxford,4.37,4.37,280.69,3686,1.0,32.4,1.0,0.6,1.0,0,0.82,0.8,0.71,0.4,1.0,0.6,14
United States,Oxford,4.37,4.37,280.69,3686,1.0,32.4,1.0,0.6,1.0,0,0.82,0.8,0.71,0.4,1.0,0.6,14
United States,Oxford,4.37,4.37,280.69,3686,1.0,32.4,1.0,0.6,1.0,0,0.82,0.8,0.71,0.4,1.0,0.6,14
United States,Oxford,4.37,4.37,280.69,3686,1.0,32.4,1.0,0.6,1.0,0,0.82,0.8,0.71,0.4,1.0,0.6,14
United States,Oxford,4.37,4.37,280.69,3686,1.0,32.4,1.0,0.6,1.0,0,0.82,0.8,0.71,0.4,1.0,0.6,14
United States,Oxford,4.37,4.37,280.69,3686,1.0,32.4,1.0,0.6,1.0,0,0.82,0.8,0.71,0.4,1.0,0.6,14
United States,Kingston,2.32,2.32,188.61,1325,0.6,65.0,0.6,0.8,0.6,9,0.67,1.0,0.71,0.6,0.0,0.4,14
United States,Kingston,2.32,2.32,188.61,1325,0.6,65.0,0.6,0.8,0.6,9,0.67,1.0,0.71,0.6,0.0,0.4,14
United States,Kingston,2.32,2.32,188.61,1325,0.6,65.0,0.6,0.8,0.6,9,0.67,1.0,0.71,0.6,0.0,0.4,14
United States,Chatham,1.85,1.85,221.57,2198,1.0,23.8,0.6,0.8,0.8,0,0.78,0.4,0.71,0.4,1.0,1.0,14
United States,Chatham,1.85,1.85,221.57,2198,1.0,23.8,0.6,0.8,0.8,0,0.78,0.4,0.71,0.4,1.0,1.0,14
United States,Hilo,7.0,7.0,200.0,3634,1.0,34.0,0.6,0.6,1.0,6,0.83,0.6,0.71,0.8,0.8,1.0,14
United States,Boston,5.0,5.0,299.0,4562,0.6,34.0,0.8,0.6,0.6,20,0.8,0.6,0.71,0.8,0.8,0.8,14
United States,Norwich,4.37,4.37,124.75,3178,0.8,32.4,0.6,0.6,0.8,0,0.79,0.8,0.7,0.4,1.0,0.8,14
United States,Huntsville,6.0,6.0,249.0,3152,1.0,34.0,0.8,0.6,0.6,46,0.81,0.6,0.7,0.4,0.8,0.8,14
United States,Huntsville,6.0,6.0,249.0,3152,1.0,34.0,0.8,0.6,0.6,46,0.81,0.6,0.7,0.4,0.8,0.8,14
United States,Vancouver,3.69,3.69,350.82,3522,1.0,23.8,1.0,0.8,0.62,0,0.77,0.58,0.7,0.8,1.0,0.8,14
United States,Stamford,7.5,7.5,250.0,3966,1.0,34.0,1.0,0.6,0.8,16,0.79,0.4,0.7,0.4,0.8,0.0,14
United States,Naples,8.06,8.06,655.95,3819,0.6,43.1,0.4,0.6,0.8,22,0.75,0.4,0.69,0.4,0.4,0.6,14
United States,Dayton,6.5,6.5,150.0,3056,1.0,34.0,1.0,0.6,0.8,13,0.81,0.6,0.69,0.4,0.8,0.8,14
United States,Dayton,6.5,6.5,150.0,3056,1.0,34.0,1.0,0.6,0.8,13,0.81,0.6,0.69,0.4,0.8,0.8,14
United States,Dayton,6.5,6.5,150.0,3056,1.0,34.0,1.0,0.6,0.8,13,0.81,0.6,0.69,0.4,0.8,0.8,14
United States,Venice,8.06,8.06,1451.69,5336,1.0,43.1,0.8,0.6,1.0,14,0.81,0.8,0.69,0.4,0.4,0.8,14
United States,Hartford,7.5,7.5,200.0,3750,1.0,34.0,1.0,0.6,0.8,16,0.78,0.4,0.69,0.4,0.8,0.6,14
United States,Hartford,7.5,7.5,200.0,3750,1.0,34.0,1.0,0.6,0.8,16,0.78,0.4,0.69,0.4,0.8,0.6,14
United States,Hartford,7.5,7.5,200.0,3750,1.0,34.0,1.0,0.6,0.8,16,0.78,0.4,0.69,0.4,0.8,0.6,14
United States,Syracuse,3.0,3.0,433.0,3537,0.8,34.0,0.8,0.6,0.6,54,0.8,0.8,0.69,0.4,0.6,0.8,14
United States,Syracuse,3.0,3.0,433.0,3537,0.8,34.0,0.8,0.6,0.6,54,0.8,0.8,0.69,0.4,0.6,0.8,14
United States,Southampton,4.37,4.37,342.44,3539,0.8,32.4,0.6,0.6,0.8,0,0.81,1.0,0.68,0.6,1.0,0.8,14
United States,Southampton,4.37,4.37,342.44,3539,0.8,32.4,0.6,0.6,0.8,0,0.81,1.0,0.68,0.6,1.0,0.8,14
United States,Bogota,1.6,1.6,152.05,1283,0.2,80.2,0.6,0.2,1.0,0,0.6,1.0,0.68,0.8,0.4,0.27,14
United States,Verona,6.45,6.45,160.22,3035,0.0,43.1,0.8,0.6,0.8,13,0.72,0.4,0.68,0.4,0.4,0.8,14
United States,Verona,6.45,6.45,160.22,3035,0.0,43.1,0.8,0.6,0.8,13,0.72,0.4,0.68,0.4,0.4,0.8,14
United States,Monterey,5.0,5.0,494.0,4340,0.6,34.0,0.8,0.6,0.6,44,0.79,0.6,0.67,0.4,0.6,0.8,14
United States,Bedford,4.0,4.0,467.0,3695,0.6,34.0,0.8,0.6,0.6,20,0.78,0.6,0.67,0.4,0.6,0.8,14
United States,Bedford,4.0,4.0,467.0,3695,0.6,34.0,0.8,0.6,0.6,20,0.78,0.6,0.67,0.4,0.6,0.8,14
United States,Bedford,4.0,4.0,467.0,3695,0.6,34.0,0.8,0.6,0.6,20,0.78,0.6,0.67,0.4,0.6,0.8,14
United States,Bedford,4.0,4.0,467.0,3695,0.6,34.0,0.8,0.6,0.6,20,0.78,0.6,0.67,0.4,0.6,0.8,14
United States,Bedford,4.0,4.0,467.0,3695,0.6,34.0,0.8,0.6,0.6,20,0.78,0.6,0.67,0.4,0.6,0.8,14
United States,Bedford,4.0,4.0,467.0,3695,0.6,34.0,0.8,0.6,0.6,20,0.78,0.6,0.67,0.4,0.6,0.8,14
United States,Ithaca,3.0,3.0,433.0,4127,0.6,34.0,0.8,0.6,0.6,23,0.79,0.6,0.67,0.4,0.6,0.8,14
United States,Santa Monica,5.0,5.0,299.0,5396,0.8,34.0,0.4,0.6,0.8,31,0.8,1.0,0.67,0.8,0.8,0.8,14
United States,Aberdeen,4.37,4.37,343.07,3159,1.0,32.4,0.6,0.6,0.8,0,0.79,0.6,0.66,0.4,1.0,0.8,14
United States,Aberdeen,4.37,4.37,343.07,3159,1.0,32.4,0.6,0.6,0.8,0,0.79,0.6,0.66,0.4,1.0,0.8,14
United States,Aberdeen,4.37,4.37,343.07,3159,1.0,32.4,0.6,0.6,0.8,0,0.79,0.6,0.66,0.4,1.0,0.8,14
United States,Aberdeen,4.37,4.37,343.07,3159,1.0,32.4,0.6,0.6,0.8,0,0.79,0.6,0.66,0.4,1.0,0.8,14
United States,Northampton,4.37,4.37,342.44,3130,1.0,32.4,0.6,0.6,0.8,0,0.78,1.0,0.66,0.8,1.0,0.6,14
United States,Northampton,4.37,4.37,342.44,3130,1.0,32.4,0.6,0.6,0.8,0,0.78,1.0,0.66,0.8,1.0,0.6,14
United States,Northampton,4.37,4.37,342.44,3130,1.0,32.4,0.6,0.6,0.8,0,0.78,1.0,0.66,0.8,1.0,0.6,14
United States,Reading,4.37,4.37,124.75,3212,0.6,32.4,0.6,0.6,0.6,0,0.76,0.8,0.66,0.4,1.0,0.6,14
United States,Reading,4.37,4.37,124.75,3212,0.6,32.4,0.6,0.6,0.6,0,0.76,0.8,0.66,0.4,1.0,0.6,14
United States,Reading,4.37,4.37,124.75,3212,0.6,32.4,0.6,0.6,0.6,0,0.76,0.8,0.66,0.4,1.0,0.6,14
United States,Coventry,4.37,4.37,342.44,3082,1.0,32.4,0.6,0.6,0.6,0,0.78,0.6,0.66,0.6,1.0,1.0,14
United States,Coventry,4.37,4.37,342.44,3082,1.0,32.4,0.6,0.6,0.6,0,0.78,0.6,0.66,0.6,1.0,1.0,14
United States,Anchorage,6.0,6.0,325.0,3760,1.0,34.0,0.8,0.6,0.8,36,0.8,0.6,0.66,0.4,0.8,0.8,14
United States,Santa Barbara,6.0,6.0,529.0,5230,0.6,34.0,0.8,0.6,0.6,16,0.8,0.8,0.66,0.4,0.6,0.6,14
United States,Cheltenham,4.74,4.74,420.41,3379,0.6,32.4,0.8,0.6,0.6,0,0.77,0.6,0.66,0.4,0.6,0.8,14
United States,Salem,3.5,3.5,457.5,4102,0.2,34.0,0.8,0.6,0.6,47,0.76,0.6,0.66,0.6,0.6,0.6,14
United States,Salem,3.5,3.5,457.5,4102,0.2,34.0,0.8,0.6,0.6,47,0.76,0.6,0.66,0.6,0.6,0.6,14
United States,Salem,3.5,3.5,457.5,4102,0.2,34.0,0.8,0.6,0.6,47,0.76,0.6,0.66,0.6,0.6,0.6,14
United States,Salem,3.5,3.5,457.5,4102,0.2,34.0,0.8,0.6,0.6,47,0.76,0.6,0.66,0.6,0.6,0.6,14
United States,Salem,3.5,3.5,457.5,4102,0.2,34.0,0.8,0.6,0.6,47,0.76,0.6,0.66,0.6,0.6,0.6,14
United States,Salem,3.5,3.5,457.5,4102,0.2,34.0,0.8,0.6,0.6,47,0.76,0.6,0.66,0.6,0.6,0.6,14
United States,Portsmouth,4.63,4.63,410.93,3371,0.8,32.4,0.6,0.6,0.8,10,0.78,0.6,0.65,0.6,0.6,1.0,14
United States,Portsmouth,4.63,4.63,410.93,3371,0.8,32.4,0.6,0.6,0.8,10,0.78,0.6,0.65,0.6,0.6,1.0,14
United States,Portsmouth,4.63,4.63,410.93,3371,0.8,32.4,0.6,0.6,0.8,10,0.78,0.6,0.65,0.6,0.6,1.0,14
United States,Portsmouth,4.63,4.63,410.93,3371,0.8,32.4,0.6,0.6,0.8,10,0.78,0.6,0.65,0.6,0.6,1.0,14
United States,Detroit,5.0,5.0,30.0,2576,0.8,34.0,0.6,0.6,0.8,19,0.63,0.6,0.63,0.8,0.8,0.2,14
United States,York,4.24,4.24,389.63,4611,0.6,32.4,0.8,0.6,0.6,0,0.77,0.6,0.63,0.6,0.6,0.8,14
United States,York,4.24,4.24,389.63,4611,0.6,32.4,0.8,0.6,0.6,0,0.77,0.6,0.63,0.6,0.6,0.8,14
United States,Charleston,4.0,4.0,275.0,3182,0.82,34.0,1.0,0.6,0.82,4,0.78,0.42,0.63,0.8,0.8,0.62,14
United States,Charleston,4.0,4.0,275.0,3182,0.82,34.0,1.0,0.6,0.82,4,0.78,0.42,0.63,0.8,0.8,0.62,14
United States,Charleston,4.0,4.0,275.0,3182,0.82,34.0,1.0,0.6,0.82,4,0.78,0.42,0.63,0.8,0.8,0.62,14
United States,Hamilton,10.0,10.0,813.74,6345,0.6,75.39999999999999,0.6,0.7539999999999999,0.8,6,0.77,0.8,0.57,0.4,0.8,0.8,14
United States,Hamilton,10.0,10.0,813.74,6345,0.6,75.39999999999999,0.6,0.7539999999999999,0.8,6,0.77,0.8,0.57,0.4,0.8,0.8,14
United States,Hamilton,10.0,10.0,813.74,6345,0.6,75.39999999999999,0.6,0.7539999999999999,0.8,6,0.77,0.8,0.57,0.4,0.8,0.8,14
United States,Hamilton,10.0,10.0,813.74,6345,0.6,75.39999999999999,0.6,0.7539999999999999,0.8,6,0.77,0.8,0.57,0.4,0.8,0.8,14
United States,Santa Cruz,1.44,1.44,117.41,1778,0.4,78.5,0.2,0.4,1.0,3,0.71,1.0,0.56,0.4,0.8,0.6,14
United States,Lima,1.46,1.46,145.94,2231,0.4,72.0,0.4,0.6,0.8,3,0.63,0.6,0.55,0.8,0.6,0.6,14
United States,Cairo,0.96,0.96,54.6,1352,0.2,90.2,0.4,0.2,0.8,3,0.48,0.6,0.53,0.8,0.6,0.6,14
United States,Chicago,6.0,6.0,250.0,4056,0.8,34.0,0.6,0.6,0.6,24,0.57,0.6,0.53,0.8,0.8,0.2,14
United States,Alexandria,0.96,0.96,32.12,2188,0.58,90.2,0.4,0.2,0.4,0,0.44,0.4,0.43,0.4,0.6,0.4,14
United States,Alexandria,0.96,0.96,32.12,2188,0.58,90.2,0.4,0.2,0.4,0,0.44,0.4,0.43,0.4,0.6,0.4,14
United States,Alexandria,0.96,0.96,32.12,2188,0.58,90.2,0.4,0.2,0.4,0,0.44,0.4,0.43,0.4,0.6,0.4,14
United States,Alexandria,0.96,0.96,32.12,2188,0.58,90.2,0.4,0.2,0.4,0,0.44,0.4,0.43,0.4,0.6,0.4,14
United States,Freetown,2.04,2.04,288.58,2833,0.2,91.0,0.2,0.6,0.4,0,0.22,0.2,0.23,0.4,0.4,0.2,14
United States,Damascus,2.65,2.65,215.73,1162,0.2,110.8,0.2,0.2,0.2,2,0.01,0.2,0.19,0.4,0.0,0.2,14
United States,Damascus,2.65,2.65,215.73,1162,0.2,110.8,0.2,0.2,0.2,2,0.01,0.2,0.19,0.4,0.0,0.2,14
Colombia,Madrid,5.38,5.38,161.3,2554,0.8,39.8,0.6,0.8,0.8,18,0.88,0.8,0.9,1.0,0.6,0.8,7
Colombia,San Diego,5.0,5.0,490.0,3427,0.8,34.0,1.0,0.6,1.0,55,0.92,1.0,0.89,1.0,0.8,0.6,7
Colombia,Buenos Aires,2.69,2.69,153.85,2393,0.6,48.4,0.62,0.6,0.82,6,0.81,1.0,0.84,1.0,0.78,0.6,7
Colombia,San Antonio,5.0,5.0,50.0,2671,0.8,34.0,0.8,0.6,0.8,45,0.88,0.8,0.84,0.8,0.8,0.8,7
Colombia,San Antonio,5.0,5.0,50.0,2671,0.8,34.0,0.8,0.6,0.8,45,0.88,0.8,0.84,0.8,0.8,0.8,7
Colombia,Valencia,4.3,4.3,215.07,2287,1.0,39.8,0.8,0.8,0.8,8,0.85,0.62,0.81,0.8,0.4,0.8,7
Colombia,La Plata,3.27,3.27,15.38,2290,0.6,48.4,0.2,0.6,1.0,5,0.74,1.0,0.73,0.4,0.8,0.4,7
Colombia,Fresno,4.5,4.5,39.0,2421,1.0,34.0,1.0,0.6,1.0,35,0.84,1.0,0.73,0.4,0.8,0.8,7
Colombia,Monterrey,1.81,1.81,116.08,2041,0.6,70.4,0.4,0.2,1.0,11,0.72,0.6,0.73,0.6,0.0,0.6,7
Colombia,Santo Domingo,3.78,3.78,95.57,1763,0.6,70.8,0.4,0.6,0.8,7,0.69,1.0,0.71,0.4,0.8,0.4,7
Colombia,Pamplona,2.15,2.15,198.94,2426,0.6,39.8,0.6,0.8,0.6,19,0.78,0.6,0.7,0.4,0.6,0.8,7
Colombia,Granada,5.38,5.38,322.6,2514,0.8,39.8,0.2,0.8,0.6,6,0.74,1.0,0.69,0.4,0.4,0.6,7
Colombia,Granada,5.38,5.38,322.6,2514,0.8,39.8,0.2,0.8,0.6,6,0.74,1.0,0.69,0.4,0.4,0.6,7
Colombia,Palermo,3.23,3.23,170.55,2492,0.6,43.1,0.6,0.6,0.6,14,0.74,0.6,0.68,0.4,0.6,0.8,7
Colombia,Cartagena,1.6,1.6,320.1,1957,0.4,80.2,0.6,0.2,1.0,5,0.63,0.8,0.66,0.4,0.4,0.8,7
Colombia,Barranquilla,1.46,1.46,111.68,1246,0.6,80.2,0.0,0.2,0.6,5,0.61,0.8,0.65,0.4,0.6,0.6,7
Colombia,Medellín,1.6,1.6,128.04,1308,0.2,80.2,0.4,0.2,0.64,7,0.53,0.8,0.64,0.8,0.4,0.4,7
Colombia,Bucaramanga,1.67,1.67,111.68,887,0.6,80.2,0.0,0.2,0.6,3,0.59,0.8,0.52,0.4,0.6,0.6,7
Colombia,Santa Marta,1.28,1.28,156.21,1658,0.4,80.2,0.6,0.2,0.6,3,0.55,0.4,0.48,0.4,0.4,0.51,7
Colombia,Pasto,0.72,0.72,117.16,830,0.6,80.2,0.4,0.2,0.6,3,0.51,0.6,0.47,0.4,0.4,0.4,7
Colombia,San Pedro,1.99,1.99,162.41,4228,0.6,66.0,0.4,0.6,0.8,3,0.68,1.0,0.47,0.8,0.0,0.6,7
Colombia,San Pedro,1.99,1.99,162.41,4228,0.6,66.0,0.4,0.6,0.8,3,0.68,1.0,0.47,0.8,0.0,0.6,7
Colombia,Cali,1.6,1.6,32.01,1099,0.4,80.2,0.6,0.2,1.0,4,0.36,1.0,0.16,0.4,0.4,0.2,7
Philippines,Madrid,5.38,5.38,161.3,2554,0.8,39.8,0.6,0.8,0.8,18,0.88,0.8,0.9,1.0,0.6,0.8,11
Philippines,San Antonio,5.0,5.0,50.0,2671,0.8,34.0,0.8,0.6,0.8,45,0.88,0.8,0.84,0.8,0.8,0.8,11
Philippines,San Antonio,5.0,5.0,50.0,2671,0.8,34.0,0.8,0.6,0.8,45,0.88,0.8,0.84,0.8,0.8,0.8,11
Philippines,San Antonio,5.0,5.0,50.0,2671,0.8,34.0,0.8,0.6,0.8,45,0.88,0.8,0.84,0.8,0.8,0.8,11
Philippines,San Antonio,5.0,5.0,50.0,2671,0.8,34.0,0.8,0.6,0.8,45,0.88,0.8,0.84,0.8,0.8,0.8,11
Philippines,San Antonio,5.0,5.0,50.0,2671,0.8,34.0,0.8,0.6,0.8,45,0.88,0.8,0.84,0.8,0.8,0.8,11
Philippines,Valencia,4.3,4.3,215.07,2287,1.0,39.8,0.8,0.8,0.8,8,0.85,0.62,0.81,0.8,0.4,0.8,11
Philippines,Valencia,4.3,4.3,215.07,2287,1.0,39.8,0.8,0.8,0.8,8,0.85,0.62,0.81,0.8,0.4,0.8,11
Philippines,Valencia,4.3,4.3,215.07,2287,1.0,39.8,0.8,0.8,0.8,8,0.85,0.62,0.81,0.8,0.4,0.8,11
Philippines,Barcelona,5.38,5.38,215.07,3206,0.62,39.8,0.6,0.8,0.62,28,0.82,1.0,0.79,1.0,0.87,0.8,11
Philippines,San Jose,5.0,5.0,250.0,3312,1.0,34.0,0.8,0.6,1.0,12,0.85,0.6,0.79,0.8,0.8,0.8,11
Philippines,San Jose,5.0,5.0,250.0,3312,1.0,34.0,0.8,0.6,1.0,12,0.85,0.6,0.79,0.8,0.8,0.8,11
Philippines,San Jose,5.0,5.0,250.0,3312,1.0,34.0,0.8,0.6,1.0,12,0.85,0.6,0.79,0.8,0.8,0.8,11
Philippines,San Jose,5.0,5.0,250.0,3312,1.0,34.0,0.8,0.6,1.0,12,0.85,0.6,0.79,0.8,0.8,0.8,11
Philippines,San Jose,5.0,5.0,250.0,3312,1.0,34.0,0.8,0.6,1.0,12,0.85,0.6,0.79,0.8,0.8,0.8,11
Philippines,San Jose,5.0,5.0,250.0,3312,1.0,34.0,0.8,0.6,1.0,12,0.85,0.6,0.79,0.8,0.8,0.8,11
Philippines,San Jose,5.0,5.0,250.0,3312,1.0,34.0,0.8,0.6,1.0,12,0.85,0.6,0.79,0.8,0.8,0.8,11
Philippines,San Jose,5.0,5.0,250.0,3312,1.0,34.0,0.8,0.6,1.0,12,0.85,0.6,0.79,0.8,0.8,0.8,11
Philippines,San Jose,5.0,5.0,250.0,3312,1.0,34.0,0.8,0.6,1.0,12,0.85,0.6,0.79,0.8,0.8,0.8,11
Philippines,Victoria,4.06,4.06,240.03,3061,1.0,23.8,1.0,0.8,1.0,0,0.83,0.6,0.76,0.8,1.0,1.0,11
Philippines,Victoria,4.06,4.06,240.03,3061,1.0,23.8,1.0,0.8,1.0,0,0.83,0.6,0.76,0.8,1.0,1.0,11
Philippines,Victoria,4.06,4.06,240.03,3061,1.0,23.8,1.0,0.8,1.0,0,0.83,0.6,0.76,0.8,1.0,1.0,11
Philippines,Victoria,4.06,4.06,240.03,3061,1.0,23.8,1.0,0.8,1.0,0,0.83,0.6,0.76,0.8,1.0,1.0,11
Philippines,Santiago,1.5,1.5,182.5,1516,0.0,41.9,0.4,0.8,1.0,18,0.72,0.4,0.75,0.8,0.8,0.6,11
Philippines,Santiago,1.5,1.5,182.5,1516,0.0,41.9,0.4,0.8,1.0,18,0.72,0.4,0.75,0.8,0.8,0.6,11
Philippines,Santiago,1.5,1.5,182.5,1516,0.0,41.9,0.4,0.8,1.0,18,0.72,0.4,0.75,0.8,0.8,0.6,11
Philippines,San Juan,6.0,6.0,250.0,2618,0.6,34.0,0.6,0.6,1.0,16,0.78,1.0,0.73,0.4,0.8,0.8,11
Philippines,San Juan,6.0,6.0,250.0,2618,0.6,34.0,0.6,0.6,1.0,16,0.78,1.0,0.73,0.4,0.8,0.8,11
Philippines,San Juan,6.0,6.0,250.0,2618,0.6,34.0,0.6,0.6,1.0,16,0.78,1.0,0.73,0.4,0.8,0.8,11
Philippines,San Juan,6.0,6.0,250.0,2618,0.6,34.0,0.6,0.6,1.0,16,0.78,1.0,0.73,0.4,0.8,0.8,11
Philippines,San Juan,6.0,6.0,250.0,2618,0.6,34.0,0.6,0.6,1.0,16,0.78,1.0,0.73,0.4,0.8,0.8,11
Philippines,San Juan,6.0,6.0,250.0,2618,0.6,34.0,0.6,0.6,1.0,16,0.78,1.0,0.73,0.4,0.8,0.8,11
Philippines,San Juan,6.0,6.0,250.0,2618,0.6,34.0,0.6,0.6,1.0,16,0.78,1.0,0.73,0.4,0.8,0.8,11
Philippines,Santo Domingo,3.78,3.78,95.57,1763,0.6,70.8,0.4,0.6,0.8,7,0.69,1.0,0.71,0.4,0.8,0.4,11
Philippines,Santo Domingo,3.78,3.78,95.57,1763,0.6,70.8,0.4,0.6,0.8,7,0.69,1.0,0.71,0.4,0.8,0.4,11
Philippines,Santo Domingo,3.78,3.78,95.57,1763,0.6,70.8,0.4,0.6,0.8,7,0.69,1.0,0.71,0.4,0.8,0.4,11
Philippines,San Francisco,5.0,5.0,570.0,4879,0.8,34.0,1.0,0.6,1.0,9,0.83,1.0,0.71,0.8,0.8,0.62,11
Philippines,San Francisco,5.0,5.0,570.0,4879,0.8,34.0,1.0,0.6,1.0,9,0.83,1.0,0.71,0.8,0.8,0.62,11
Philippines,Trento,3.76,3.76,107.53,2115,1.0,43.1,0.8,0.6,0.8,16,0.75,0.6,0.71,0.8,0.4,0.8,11
Philippines,Boston,5.0,5.0,299.0,4562,0.6,34.0,0.8,0.6,0.6,20,0.8,0.6,0.71,0.8,0.8,0.8,11
Philippines,Pamplona,2.15,2.15,198.94,2426,0.6,39.8,0.6,0.8,0.6,19,0.78,0.6,0.7,0.4,0.6,0.8,11
Philippines,Pamplona,2.15,2.15,198.94,2426,0.6,39.8,0.6,0.8,0.6,19,0.78,0.6,0.7,0.4,0.6,0.8,11
Philippines,Pamplona,2.15,2.15,198.94,2426,0.6,39.8,0.6,0.8,0.6,19,0.78,0.6,0.7,0.4,0.6,0.8,11
Philippines,Merida,2.18,2.18,31.44,1671,0.6,70.4,0.8,0.2,0.8,0,0.7,0.4,0.69,0.4,0.0,0.62,11
Philippines,Cuenca,1.5,1.5,70.0,971,0.6,75.6,0.4,0.4,0.8,8,0.7,0.4,0.69,0.4,0.6,0.6,11
Philippines,Santa Monica,5.0,5.0,299.0,5396,0.8,34.0,0.4,0.6,0.8,31,0.8,1.0,0.67,0.8,0.8,0.8,11
Philippines,Santa Barbara,6.0,6.0,529.0,5230,0.6,34.0,0.8,0.6,0.6,16,0.8,0.8,0.66,0.4,0.6,0.6,11
Philippines,Santa Barbara,6.0,6.0,529.0,5230,0.6,34.0,0.8,0.6,0.6,16,0.8,0.8,0.66,0.4,0.6,0.6,11
Philippines,Rosario,3.66,3.66,307.25,2863,0.6,48.4,0.56,0.6,0.6,8,0.73,0.6,0.66,0.6,0.6,0.38,11
Philippines,Rosario,3.66,3.66,307.25,2863,0.6,48.4,0.56,0.6,0.6,8,0.73,0.6,0.66,0.6,0.6,0.38,11
Philippines,Rosario,3.66,3.66,307.25,2863,0.6,48.4,0.56,0.6,0.6,8,0.73,0.6,0.66,0.6,0.6,0.38,11
Philippines,Rosario,3.66,3.66,307.25,2863,0.6,48.4,0.56,0.6,0.6,8,0.73,0.6,0.66,0.6,0.6,0.38,11
Philippines,Rosario,3.66,3.66,307.25,2863,0.6,48.4,0.56,0.6,0.6,8,0.73,0.6,0.66,0.6,0.6,0.38,11
Philippines,Santa Cruz,1.44,1.44,117.41,1778,0.4,78.5,0.2,0.4,1.0,3,0.71,1.0,0.56,0.4,0.8,0.6,11
Philippines,Santa Cruz,1.44,1.44,117.41,1778,0.4,78.5,0.2,0.4,1.0,3,0.71,1.0,0.56,0.4,0.8,0.6,11
Philippines,Santa Cruz,1.44,1.44,117.41,1778,0.4,78.5,0.2,0.4,1.0,3,0.71,1.0,0.56,0.4,0.8,0.6,11
Philippines,Santa Cruz,1.44,1.44,117.41,1778,0.4,78.5,0.2,0.4,1.0,3,0.71,1.0,0.56,0.4,0.8,0.6,11
Philippines,Santa Cruz,1.44,1.44,117.41,1778,0.4,78.5,0.2,0.4,1.0,3,0.71,1.0,0.56,0.4,0.8,0.6,11
Philippines,Santa Cruz,1.44,1.44,117.41,1778,0.4,78.5,0.2,0.4,1.0,3,0.71,1.0,0.56,0.4,0.8,0.6,11
Philippines,Santa Cruz,1.44,1.44,117.41,1778,0.4,78.5,0.2,0.4,1.0,3,0.71,1.0,0.56,0.4,0.8,0.6,11
Philippines,Santa Cruz,1.44,1.44,117.41,1778,0.4,78.5,0.2,0.4,1.0,3,0.71,1.0,0.56,0.4,0.8,0.6,11
Philippines,General Santos,0.0,0.0,233.84,971,0.6,84.7,0.6,0.2,0.8,1,0.6,0.6,0.56,0.8,0.6,0.6,11
Philippines,Manila,2.03,2.03,147.27,1365,0.2,84.7,0.2,0.2,0.6,3,0.42,0.8,0.52,0.8,0.4,0.4,11
Philippines,San Pedro,1.99,1.99,162.41,4228,0.6,66.0,0.4,0.6,0.8,3,0.68,1.0,0.47,0.8,0.0,0.6,11
Philippines,Goa,1.11,1.11,147.65,1134,0.2,79.6,0.6,0.2,0.6,2,0.58,1.0,0.47,0.4,0.2,0.6,11
Philippines,Davao,2.03,2.03,81.25,1170,0.6,84.7,0.6,0.2,1.0,4,0.6,0.6,0.45,0.6,0.4,0.8,11
Philippines,La Paz,1.08,1.08,252.5,1557,0.4,78.5,0.4,0.4,0.8,2,0.42,0.6,0.35,0.4,0.8,0.2,11
Philippines,La Paz,1.08,1.08,252.5,1557,0.4,78.5,0.4,0.4,0.8,2,0.42,0.6,0.35,0.4,0.8,0.2,11
Philippines,La Paz,1.08,1.08,252.5,1557,0.4,78.5,0.4,0.4,0.8,2,0.42,0.6,0.35,0.4,0.8,0.2,11
Philippines,La Paz,1.08,1.08,252.5,1557,0.4,78.5,0.4,0.4,0.8,2,0.42,0.6,0.35,0.4,0.8,0.2,11
Australia,Portland,5.0,5.0,300.0,3503,0.8,34.0,0.4,0.6,1.0,23,0.95,1.0,0.9,1.0,0.8,0.8,7
Australia,Perth,3.02,3.02,332.05,1938,1.0,22.5,0.6,0.8,1.0,5,0.88,0.6,0.83,0.8,0.8,1.0,7
Australia,Richmond,5.0,5.0,250.0,2824,0.8,34.0,1.0,0.6,0.6,24,0.84,0.8,0.81,0.8,0.8,0.6,7
Australia,Richmond,5.0,5.0,250.0,2824,0.8,34.0,1.0,0.6,0.6,24,0.84,0.8,0.81,0.8,0.8,0.6,7
Australia,Wollongong,5.66,5.66,226.4,2561,1.0,22.5,1.0,0.8,1.0,50,0.87,0.6,0.8,0.8,0.8,0.8,7
Australia,Cairns,5.66,5.66,298.09,2541,1.0,22.5,0.8,0.8,0.8,16,0.86,1.0,0.78,0.4,0.8,0.8,7
Australia,Brisbane,7.55,7.55,290.54,3135,1.0,22.5,0.2,0.8,0.8,7,0.83,0.6,0.78,0.8,0.8,1.0,7
Australia,Gold Coast,4.53,4.53,565.99,2986,0.8,22.5,0.2,0.8,1.0,20,0.83,0.6,0.77,0.4,0.8,0.6,7
Australia,Hobart,3.77,3.77,237.72,2248,1.0,22.5,1.0,0.8,1.0,30,0.88,0.6,0.76,0.4,0.8,0.8,7
Australia,Sydney,5.66,5.66,301.86,2895,0.8,22.5,0.6,0.8,1.0,18,0.8,0.4,0.76,0.8,0.8,0.8,7
Australia,Melbourne,5.66,5.66,415.06,2934,1.0,22.5,0.2,0.8,0.8,6,0.8,0.8,0.74,0.6,0.8,0.82,7
Australia,Scottsdale,5.0,5.0,524.6,3545,0.6,34.0,0.8,0.6,0.6,33,0.81,0.8,0.71,0.6,0.6,0.8,7
Australia,Kingston,2.32,2.32,188.61,1325,0.6,65.0,0.6,0.8,0.6,9,0.67,1.0,0.71,0.6,0.0,0.4,7
Australia,Darwin,9.43,9.43,766.73,4441,1.0,22.5,0.8,0.8,1.0,25,0.86,0.8,0.7,0.4,0.8,0.8,7
Australia,Canberra,5.66,5.66,460.34,3060,1.0,22.5,1.0,0.8,1.0,10,0.81,1.0,0.68,0.4,0.8,1.0,7
Australia,Adelaide,3.77,3.77,452.79,2345,1.0,22.5,0.8,0.8,0.8,4,0.83,0.8,0.66,0.8,0.8,1.0,7
Australia,Hamilton,10.0,10.0,813.74,6345,0.6,75.39999999999999,0.6,0.7539999999999999,0.8,6,0.77,0.8,0.57,0.4,0.8,0.8,7
Australia,Byron Bay,3.77,3.77,409.02,3183,0.6,22.5,0.8,0.8,0.6,3,0.75,0.6,0.54,0.4,0.6,0.6,7
Venezuela,San Diego,5.0,5.0,490.0,3427,0.8,34.0,1.0,0.6,1.0,55,0.92,1.0,0.89,1.0,0.8,0.6,1
Venezuela,Valencia,4.3,4.3,215.07,2287,1.0,39.8,0.8,0.8,0.8,8,0.85,0.62,0.81,0.8,0.4,0.8,1
Venezuela,Barcelona,5.38,5.38,215.07,3206,0.62,39.8,0.6,0.8,0.62,28,0.82,1.0,0.79,1.0,0.87,0.8,1
Venezuela,Santa Cruz,1.44,1.44,117.41,1778,0.4,78.5,0.2,0.4,1.0,3,0.71,1.0,0.56,0.4,0.8,0.6,1
Venezuela,Caracas,2.5,2.5,200.0,2507,0.4,81.6,0.4,0.2,0.6,3,0.31,0.6,0.29,0.2,0.6,0.2,1
Brazil,Porto,2.69,2.69,107.53,1681,0.76,29.2,0.62,0.8,0.83,21,0.84,0.8,0.88,1.0,1.0,0.8,2
Brazil,Buenos Aires,2.69,2.69,153.85,2393,0.6,48.4,0.62,0.6,0.82,6,0.81,1.0,0.84,1.0,0.78,0.6,2
Brazil,Sacramento,5.0,5.0,180.0,3033,1.0,34.0,1.0,0.6,0.8,32,0.87,0.6,0.81,0.8,0.8,0.8,2
Brazil,Belo Horizonte,1.46,1.46,233.07,1870,0.4,65.3,0.4,0.4,0.82,12,0.73,0.6,0.78,0.8,0.8,0.48,2
Brazil,Macau,2.58,2.58,349.25,2855,0.6,52.2,0.6,0.522,0.6,23,0.81,0.6,0.77,0.4,0.0,0.6,2
Brazil,Aveiro,3.23,3.23,215.07,1964,0.8,29.2,0.4,0.8,1.0,20,0.8,0.58,0.76,0.4,0.6,0.82,2
Brazil,Santiago,1.5,1.5,182.5,1516,0.0,41.9,0.4,0.8,1.0,18,0.72,0.4,0.75,0.8,0.8,0.6,2
Brazil,Curitiba,2.62,2.62,131.1,1988,0.4,65.3,0.4,0.4,0.8,8,0.68,1.0,0.73,0.8,0.8,0.6,2
Brazil,Campinas,2.91,2.91,84.49,2031,0.56,65.3,0.6,0.4,0.8,9,0.7,1.0,0.7,0.4,0.8,0.6,2
Brazil,Porto Alegre,2.19,2.19,23.31,1772,0.4,65.3,0.2,0.4,0.8,8,0.67,0.6,0.68,0.4,0.8,0.4,2
Brazil,Salvador,2.36,2.36,203.94,2198,0.6,65.3,0.6,0.4,0.6,9,0.64,0.8,0.67,0.6,0.6,0.4,2
Brazil,Colombo,0.84,0.84,68.7,1046,0.8,87.7,0.6,0.2,1.0,6,0.66,0.24,0.67,0.6,0.0,0.8,2
Brazil,Rio de Janeiro,2.91,2.91,288.42,4017,0.0,65.3,0.76,0.4,0.8,11,0.59,1.0,0.66,1.0,0.8,0.2,2
Brazil,Fortaleza,2.19,2.19,177.71,2412,0.6,65.3,0.6,0.4,0.8,7,0.69,1.0,0.66,0.4,0.8,0.62,2
Brazil,Sorocaba,2.36,2.36,203.94,2650,0.4,65.3,0.4,0.4,0.6,11,0.64,0.6,0.65,0.4,0.6,0.4,2
Brazil,São José dos Campos,2.36,2.36,203.94,3573,0.4,65.3,0.6,0.4,0.6,5,0.61,0.6,0.59,0.4,0.6,0.4,2
Brazil,Recife,2.19,2.19,196.65,2066,0.0,65.3,0.4,0.4,0.8,5,0.53,1.0,0.59,0.8,0.8,0.2,2
Brazil,Natal,1.6,1.6,130.44,1664,0.4,65.3,0.8,0.4,0.8,2,0.69,1.0,0.58,0.4,0.8,0.58,2
Brazil,Natal,1.6,1.6,130.44,1664,0.4,65.3,0.8,0.4,0.8,2,0.69,1.0,0.58,0.4,0.8,0.58,2
Brazil,Santa Cruz,1.44,1.44,117.41,1778,0.4,78.5,0.2,0.4,1.0,3,0.71,1.0,0.56,0.4,0.8,0.6,2
Brazil,Anápolis,2.16,2.16,203.94,5658,0.4,65.3,0.4,0.4,0.6,5,0.59,0.6,0.53,0.4,0.6,0.4,2
Brazil,Alexandria,0.96,0.96,32.12,2188,0.58,90.2,0.4,0.2,0.4,0,0.44,0.4,0.43,0.4,0.6,0.4,2
United Kingdom,Wellington,4.97,4.97,266.44,2408,1.0,21.3,1.0,0.8,1.0,11,0.89,0.6,0.87,1.0,1.0,0.8,1
United Kingdom,Wellington,4.97,4.97,266.44,2408,1.0,21.3,1.0,0.8,1.0,11,0.89,0.6,0.87,1.0,1.0,0.8,1
United Kingdom,Christchurch,3.55,3.55,319.73,2172,0.0,21.3,0.6,0.8,1.0,32,0.88,0.6,0.84,0.8,1.0,1.0,1
United Kingdom,Perth,3.02,3.02,332.05,1938,1.0,22.5,0.6,0.8,1.0,5,0.88,0.6,0.83,0.8,0.8,1.0,1
United Kingdom,Richmond,5.0,5.0,250.0,2824,0.8,34.0,1.0,0.6,0.6,24,0.84,0.8,0.81,0.8,0.8,0.6,1
United Kingdom,Windsor,3.69,3.69,73.86,2668,0.8,23.8,0.8,0.8,1.0,30,0.87,0.6,0.81,0.8,1.0,1.0,1
United Kingdom,Rochester,5.0,5.0,200.0,3015,0.8,34.0,0.4,0.6,0.8,22,0.84,0.6,0.8,0.8,0.8,0.6,1
United Kingdom,Bristol,4.37,4.37,224.55,3461,1.0,32.4,0.42,0.6,1.0,0,0.89,0.8,0.79,0.8,1.0,1.0,1
United Kingdom,Liverpool,4.37,4.37,187.13,2715,0.8,32.4,0.6,0.6,1.0,0,0.86,0.78,0.79,0.8,1.0,1.0,1
United Kingdom,Manchester,4.37,4.37,249.5,2857,0.8,32.4,0.6,0.6,0.8,0,0.84,1.0,0.79,0.8,1.0,0.6,1
United Kingdom,Nottingham,4.37,4.37,311.88,2687,1.0,32.4,0.6,0.6,0.8,0,0.83,0.8,0.78,0.8,1.0,0.6,1
United Kingdom,London,6.24,6.24,249.5,3020,0.8,32.4,0.44,0.6,0.8,14,0.82,1.0,0.78,0.8,1.0,0.6,1
United Kingdom,Halifax,3.32,3.32,221.57,2596,1.0,23.8,0.6,0.8,0.8,0,0.82,0.4,0.77,0.8,1.0,0.6,1
United Kingdom,Edinburgh,4.37,4.37,99.8,3238,1.0,32.4,0.4,0.6,0.8,0,0.84,1.0,0.77,0.8,1.0,1.0,1
United Kingdom,Brighton,4.37,4.37,248.26,3273,0.0,32.4,0.8,0.6,0.8,0,0.84,0.8,0.76,0.8,1.0,0.8,1
United Kingdom,Cambridge,4.37,4.37,324.36,2874,0.8,32.4,0.4,0.6,1.0,0,0.82,0.4,0.76,0.8,1.0,1.0,1
United Kingdom,Glasgow,4.37,4.37,37.43,2720,1.0,32.4,0.4,0.6,1.0,0,0.86,0.8,0.76,0.8,1.0,1.0,1
United Kingdom,Birmingham,4.37,4.37,342.44,3367,1.0,32.4,0.6,0.6,0.8,0,0.88,0.4,0.74,0.8,1.0,1.0,1
United Kingdom,Leeds,4.37,4.37,187.13,3012,0.8,32.4,0.6,0.6,1.0,0,0.83,0.8,0.74,0.4,1.0,0.8,1
United Kingdom,Leicester,4.37,4.37,37.43,2635,0.8,32.4,0.6,0.6,1.0,0,0.79,0.8,0.71,0.4,1.0,0.8,1
United Kingdom,Bournemouth,4.37,4.37,299.4,2863,1.0,32.4,0.6,0.6,1.0,0,0.81,0.8,0.71,0.4,1.0,1.0,1
United Kingdom,Washington,7.5,7.5,400.0,4317,1.0,34.0,1.0,0.6,0.8,32,0.79,1.0,0.71,0.8,0.8,0.4,1
United Kingdom,Oxford,4.37,4.37,280.69,3686,1.0,32.4,1.0,0.6,1.0,0,0.82,0.8,0.71,0.4,1.0,0.6,1
United Kingdom,Chatham,1.85,1.85,221.57,2198,1.0,23.8,0.6,0.8,0.8,0,0.78,0.4,0.71,0.4,1.0,1.0,1
United Kingdom,Boston,5.0,5.0,299.0,4562,0.6,34.0,0.8,0.6,0.6,20,0.8,0.6,0.71,0.8,0.8,0.8,1
United Kingdom,Norwich,4.37,4.37,124.75,3178,0.8,32.4,0.6,0.6,0.8,0,0.79,0.8,0.7,0.4,1.0,0.8,1
United Kingdom,Belfast,4.37,4.37,185.88,2655,0.8,32.4,0.4,0.6,0.6,0,0.75,0.6,0.7,0.4,1.0,0.6,1
United Kingdom,Edmonton,2.95,2.95,44.31,2048,1.0,23.8,0.4,0.8,1.0,0,0.76,0.4,0.7,0.4,1.0,0.6,1
United Kingdom,Stamford,7.5,7.5,250.0,3966,1.0,34.0,1.0,0.6,0.8,16,0.79,0.4,0.7,0.4,0.8,0.0,1
United Kingdom,Southampton,4.37,4.37,342.44,3539,0.8,32.4,0.6,0.6,0.8,0,0.81,1.0,0.68,0.6,1.0,0.8,1
United Kingdom,Bedford,4.0,4.0,467.0,3695,0.6,34.0,0.8,0.6,0.6,20,0.78,0.6,0.67,0.4,0.6,0.8,1
United Kingdom,Aberdeen,4.37,4.37,343.07,3159,1.0,32.4,0.6,0.6,0.8,0,0.79,0.6,0.66,0.4,1.0,0.8,1
United Kingdom,Northampton,4.37,4.37,342.44,3130,1.0,32.4,0.6,0.6,0.8,0,0.78,1.0,0.66,0.8,1.0,0.6,1
United Kingdom,Reading,4.37,4.37,124.75,3212,0.6,32.4,0.6,0.6,0.6,0,0.76,0.8,0.66,0.4,1.0,0.6,1
United Kingdom,Coventry,4.37,4.37,342.44,3082,1.0,32.4,0.6,0.6,0.6,0,0.78,0.6,0.66,0.6,1.0,1.0,1
United Kingdom,Cheltenham,4.74,4.74,420.41,3379,0.6,32.4,0.8,0.6,0.6,0,0.77,0.6,0.66,0.4,0.6,0.8,1
United Kingdom,Portsmouth,4.63,4.63,410.93,3371,0.8,32.4,0.6,0.6,0.8,10,0.78,0.6,0.65,0.6,0.6,1.0,1
United Kingdom,York,4.24,4.24,389.63,4611,0.6,32.4,0.8,0.6,0.6,0,0.77,0.6,0.63,0.6,0.6,0.8,1
United Kingdom,Hamilton,10.0,10.0,813.74,6345,0.6,75.39999999999999,0.6,0.7539999999999999,0.8,6,0.77,0.8,0.57,0.4,0.8,0.8,1
India,Wellington,4.97,4.97,266.44,2408,1.0,21.3,1.0,0.8,1.0,11,0.89,0.6,0.87,1.0,1.0,0.8,10
India,Salt Lake City,5.0,5.0,400.0,3159,0.8,34.0,1.0,0.6,1.0,33,0.87,0.6,0.78,0.8,0.8,0.8,10
India,Riga,2.69,2.69,76.35,1519,0.6,47.4,0.6,0.8,0.6,28,0.75,0.44,0.78,0.8,0.0,0.6,10
India,Gurgaon,2.58,2.58,132.88,1394,0.4,79.6,0.4,0.2,0.4,5,0.68,0.4,0.75,0.8,0.2,0.6,10
India,Chennai,0.55,0.55,73.82,770,0.2,79.6,0.2,0.2,0.6,5,0.57,0.6,0.66,0.4,0.2,0.4,10
India,Salem,3.5,3.5,457.5,4102,0.2,34.0,0.8,0.6,0.6,47,0.76,0.6,0.66,0.6,0.6,0.6,10
India,Raipur,3.03,3.03,59.06,1344,0.4,79.6,0.6,0.2,0.6,11,0.61,0.2,0.65,0.4,0.6,0.4,10
India,Raipur,3.03,3.03,59.06,1344,0.4,79.6,0.6,0.2,0.6,11,0.61,0.2,0.65,0.4,0.6,0.4,10
India,Jodhpur,2.83,2.83,73.82,1201,0.6,79.6,0.6,0.2,0.8,3,0.72,0.6,0.62,0.6,0.6,0.8,10
India,Bangalore,0.74,0.74,95.97,889,0.27,79.6,0.2,0.2,0.64,2,0.64,0.4,0.61,0.8,0.2,0.58,10
India,New Delhi,1.48,1.48,103.35,962,0.2,79.6,0.2,0.2,0.8,1,0.58,0.6,0.58,0.8,0.2,0.4,10
India,Jaipur,0.92,0.92,27.29,624,0.6,79.6,0.4,0.2,0.4,3,0.59,0.6,0.56,0.4,0.2,0.6,10
India,Jaipur,0.92,0.92,27.29,624,0.6,79.6,0.4,0.2,0.4,3,0.59,0.6,0.56,0.4,0.2,0.6,10
India,Jamshedpur,2.34,2.34,59.06,1243,0.6,79.6,0.6,0.2,0.6,2,0.66,0.2,0.56,0.4,0.4,0.6,10
India,Lucknow,1.48,1.48,81.21,1059,0.4,79.6,0.4,0.2,0.6,1,0.61,0.6,0.56,0.6,0.2,0.6,10
India,Mumbai,1.48,1.48,103.35,1301,0.2,79.6,0.2,0.2,0.8,2,0.56,0.6,0.55,0.8,0.2,0.4,10
India,Pune,1.11,1.11,36.91,931,0.4,79.6,0.2,0.2,0.8,3,0.62,0.6,0.55,0.4,0.2,0.6,10
India,Amritsar,2.95,2.95,73.82,986,0.6,79.6,0.6,0.2,0.8,3,0.63,0.6,0.55,0.8,0.4,0.8,10
India,Gwalior,1.59,1.59,59.06,1170,0.4,79.6,0.4,0.2,0.6,2,0.64,0.2,0.54,0.4,0.4,0.6,10
India,Jabalpur,4.62,4.62,59.06,1659,0.4,79.6,0.4,0.2,0.6,2,0.64,0.2,0.53,0.4,0.4,0.6,10
India,Ahmedabad,0.09,0.09,7.21,522,0.6,79.6,0.2,0.2,0.8,2,0.64,0.4,0.53,0.4,0.2,0.6,10
India,Vadodara,1.07,1.07,87.06,860,0.4,79.6,0.2,0.2,0.8,3,0.63,0.6,0.52,0.4,0.2,0.6,10
India,Indore,2.58,2.58,210.16,1486,0.6,79.6,0.2,0.2,0.4,3,0.62,0.4,0.52,0.4,0.2,0.6,10
India,Noida,1.33,1.33,103.35,1129,0.2,79.6,0.2,0.2,0.6,4,0.55,0.8,0.52,0.4,0.2,0.4,10
India,Mysore,2.34,2.34,59.06,903,0.4,79.6,0.6,0.2,1.0,4,0.61,0.6,0.51,0.4,0.4,0.4,10
India,Coimbatore,2.58,2.58,210.16,1362,0.6,79.6,0.4,0.2,0.6,3,0.61,0.2,0.5,0.4,0.2,0.6,10
India,Kochi,0.44,0.44,51.68,582,0.2,79.6,0.2,0.2,0.6,4,0.54,0.6,0.5,0.2,0.2,0.4,10
India,Madurai,2.34,2.34,59.06,1234,0.4,79.6,0.4,0.2,0.6,4,0.59,0.4,0.49,0.6,0.4,0.4,10
India,Patna,2.34,2.34,59.06,982,0.4,79.6,0.4,0.2,0.6,2,0.56,0.2,0.49,0.4,0.6,0.4,10
India,Thiruvananthapuram,2.06,2.06,59.06,945,0.4,79.6,0.4,0.2,0.6,2,0.54,0.2,0.47,0.4,0.6,0.4,10
India,Kota,1.48,1.48,73.82,1409,0.4,79.6,0.4,0.2,0.8,2,0.52,0.2,0.46,0.4,0.6,0.4,10
India,Kota,1.48,1.48,73.82,1409,0.4,79.6,0.4,0.2,0.8,2,0.52,0.2,0.46,0.4,0.6,0.4,10
Indonesia,Ubud,1.12,1.12,274.27,1331,0.64,74.9,0.6,0.2,0.8,5,0.76,0.6,0.86,0.8,0.8,0.8,11
Indonesia,Denpasar,0.0,0.0,5.61,1575,0.4,74.9,0.8,0.2,0.6,8,0.74,0.8,0.78,0.8,0.4,0.8,11
Indonesia,Makassar,0.75,0.75,5.61,593,0.4,74.9,0.4,0.2,0.6,5,0.62,0.6,0.69,0.6,0.4,0.4,11
Indonesia,Bandung,0.75,0.75,48.63,776,0.4,74.9,0.6,0.2,0.8,8,0.66,0.4,0.66,0.4,0.4,0.6,11
Indonesia,Surabaya,0.75,0.75,91.28,714,0.6,74.9,0.6,0.2,0.6,5,0.65,0.4,0.66,0.4,0.4,0.6,11
Indonesia,Malang,0.75,0.75,5.61,615,0.4,74.9,0.6,0.2,0.6,5,0.62,0.6,0.66,0.6,0.4,0.4,11
Indonesia,Jakarta,1.87,1.87,224.46,1306,0.4,74.9,0.6,0.2,0.64,4,0.63,0.6,0.58,0.8,0.4,0.6,11
Indonesia,Cirebon,0.75,0.75,5.61,639,0.4,74.9,0.6,0.2,0.8,3,0.65,0.4,0.58,0.8,0.4,0.6,11
Indonesia,Yogyakarta,2.4,2.4,22.45,726,0.4,74.9,0.4,0.2,0.6,2,0.64,0.6,0.57,0.4,0.4,0.6,11
Indonesia,Surakarta,0.0,0.0,5.61,565,0.4,74.9,0.6,0.2,0.6,4,0.56,0.2,0.5,0.2,0.8,0.4,11
Indonesia,Semarang,0.0,0.0,5.61,566,0.4,74.9,0.4,0.2,0.6,2,0.56,0.2,0.49,0.2,0.8,0.4,11
Indonesia,Pekanbaru,0.0,0.0,5.61,610,0.4,74.9,0.4,0.2,0.6,2,0.55,0.2,0.49,0.2,0.8,0.4,11
Costa Rica,Buenos Aires,2.69,2.69,153.85,2393,0.6,48.4,0.62,0.6,0.82,6,0.81,1.0,0.84,1.0,0.78,0.6,9
Costa Rica,San Antonio,5.0,5.0,50.0,2671,0.8,34.0,0.8,0.6,0.8,45,0.88,0.8,0.84,0.8,0.8,0.8,9
Costa Rica,Santiago,1.5,1.5,182.5,1516,0.0,41.9,0.4,0.8,1.0,18,0.72,0.4,0.75,0.8,0.8,0.6,9
Costa Rica,Puerto Viejo,3.62,3.62,451.95,2373,0.6,45.1,0.8,0.8,0.8,5,0.77,0.6,0.73,0.4,0.8,0.6,9
Costa Rica,San Juan,6.0,6.0,250.0,2618,0.6,34.0,0.6,0.6,1.0,16,0.78,1.0,0.73,0.4,0.8,0.8,9
Costa Rica,Santo Domingo,3.78,3.78,95.57,1763,0.6,70.8,0.4,0.6,0.8,7,0.69,1.0,0.71,0.4,0.8,0.4,9
Costa Rica,San Francisco,5.0,5.0,570.0,4879,0.8,34.0,1.0,0.6,1.0,9,0.83,1.0,0.71,0.8,0.8,0.62,9
Costa Rica,Santa Cruz,1.44,1.44,117.41,1778,0.4,78.5,0.2,0.4,1.0,3,0.71,1.0,0.56,0.4,0.8,0.6,9
Costa Rica,San Pedro,1.99,1.99,162.41,4228,0.6,66.0,0.4,0.6,0.8,3,0.68,1.0,0.47,0.8,0.0,0.6,9
Vietnam,Hanoi,1.12,1.12,44.72,785,0.42,70.7,0.4,0.2,0.62,5,0.73,0.6,0.84,1.0,0.42,0.64,8
Vietnam,Ho Chi Minh City,1.12,1.12,89.43,829,0.6,70.7,0.6,0.2,0.6,10,0.7,0.76,0.83,0.8,0.4,0.58,8
Suriname,Groningen,5.38,5.38,107.53,2761,0.8,28.2,0.8,1.0,0.8,65,0.88,0.8,0.81,0.8,0.8,0.8,2
Trinidad and Tobago,Valencia,4.3,4.3,215.07,2287,1.0,39.8,0.8,0.8,0.8,8,0.85,0.62,0.81,0.8,0.4,0.8,2
Trinidad and Tobago,San Juan,6.0,6.0,250.0,2618,0.6,34.0,0.6,0.6,1.0,16,0.78,1.0,0.73,0.4,0.8,0.8,2
France,Bordeaux,5.38,5.38,283.89,2783,0.8,34.5,0.62,0.6,0.8,197,0.86,0.6,0.81,0.8,0.6,1.0,7
France,Nice,5.38,5.38,322.6,3240,0.8,34.5,1.0,0.6,0.8,12,0.85,1.0,0.79,0.8,0.6,1.0,7
France,Marseille,6.45,6.45,290.34,3247,1.0,34.5,0.8,0.6,1.0,20,0.86,0.8,0.79,0.8,0.6,0.6,7
France,Toulouse,3.76,3.76,129.04,2168,1.0,34.5,1.0,0.6,0.8,5,0.84,0.8,0.79,0.8,0.6,0.78,7
France,Lille,6.45,6.45,150.55,2927,1.0,34.5,0.6,0.6,0.8,14,0.84,0.8,0.76,0.4,0.6,0.93,7
France,Lyon,6.45,6.45,161.3,3036,0.8,34.5,0.6,0.6,0.8,8,0.82,0.6,0.76,0.8,0.6,0.8,7
France,Nantes,4.3,4.3,16.13,2124,0.8,34.5,0.4,0.6,0.8,36,0.81,0.42,0.75,0.4,0.6,0.8,7
France,Paris,8.06,8.06,322.6,3944,0.8,34.5,0.6,0.6,0.64,15,0.81,1.0,0.74,0.8,0.8,0.6,7
France,Grenoble,6.45,6.45,215.07,2827,0.8,34.5,1.0,0.6,0.8,27,0.8,1.0,0.73,0.4,0.6,0.6,7
France,Bruges,3.76,3.76,346.34,3155,0.6,29.0,0.8,0.8,0.8,67,0.81,0.8,0.7,0.8,0.6,0.8,7
France,Strasbourg,5.38,5.38,326.9,3109,0.6,34.5,0.8,0.6,0.6,45,0.78,0.6,0.68,0.4,0.6,0.8,7
France,Annecy,4.84,4.84,305.39,3482,0.6,34.5,0.6,0.6,0.4,12,0.75,0.6,0.66,0.4,0.6,0.8,7
Panama,Panama City,3.5,3.5,300.0,3523,0.6,53.2,1.0,0.4,1.0,15,0.81,0.8,0.79,0.8,0.8,1.0,6
Panama,Santiago,1.5,1.5,182.5,1516,0.0,41.9,0.4,0.8,1.0,18,0.72,0.4,0.75,0.8,0.8,0.6,6
Panama,Bocas del Toro,1.0,1.0,244.0,3095,0.6,53.2,0.8,0.4,0.6,4,0.74,0.8,0.55,0.6,0.8,0.6,6
Mexico,Playa del Carmen,1.69,1.69,177.31,1734,0.6,70.4,0.2,0.2,1.0,0,0.74,1.0,0.78,0.8,0.0,0.8,63
Mexico,Mexico City,1.93,1.93,266.01,1510,0.6,70.4,0.4,0.2,0.8,0,0.72,1.0,0.77,0.8,0.0,0.42,63
Mexico,Santiago,1.5,1.5,182.5,1516,0.0,41.9,0.4,0.8,1.0,18,0.72,0.4,0.75,0.8,0.8,0.6,63
Mexico,Guadalajara,1.93,1.93,217.65,1958,0.6,70.4,0.0,0.2,0.8,13,0.72,1.0,0.74,0.4,0.0,0.24,63
Mexico,Tijuana,0.97,0.97,78.64,1290,0.6,70.4,0.4,0.2,0.6,7,0.66,1.0,0.73,0.4,0.0,0.4,63
Mexico,Monterrey,1.81,1.81,116.08,2041,0.6,70.4,0.4,0.2,1.0,11,0.72,0.6,0.73,0.6,0.0,0.6,63
Mexico,Puerto Vallarta,1.21,1.21,98.38,1611,0.62,70.4,0.6,0.2,1.0,0,0.74,1.0,0.73,0.4,0.0,0.82,63
Mexico,San Francisco,5.0,5.0,570.0,4879,0.8,34.0,1.0,0.6,1.0,9,0.83,1.0,0.71,0.8,0.8,0.62,63
Mexico,Hermosillo,1.21,1.21,304.7,1621,0.6,70.4,0.6,0.2,1.0,9,0.7,0.6,0.71,0.4,0.0,0.8,63
Mexico,San Miguel de Allende,1.21,1.21,1041.36,2345,0.6,70.4,0.6,0.2,1.0,0,0.71,0.6,0.7,0.8,0.0,0.8,63
Mexico,Toluca,1.82,1.82,300.16,2028,0.4,70.4,0.4,0.2,0.4,23,0.62,0.6,0.65,0.4,0.6,0.4,63
Mexico,Puebla,1.87,1.87,245.17,1266,0.6,70.4,0.4,0.2,0.6,5,0.63,0.6,0.64,0.4,0.6,0.4,63
Mexico,Tulum,0.97,0.97,219.15,2068,0.4,70.4,0.4,0.2,0.4,5,0.6,0.6,0.62,0.4,0.6,0.4,63
Mexico,Oaxaca,1.93,1.93,87.06,1545,0.6,70.4,0.0,0.2,1.0,3,0.68,0.6,0.58,0.4,0.0,0.8,63
Mexico,San Salvador,1.75,1.75,200.0,1486,0.2,72.5,0.8,0.4019999999999999,0.8,3,0.61,0.8,0.54,0.4,0.0,0.4,63
Mexico,Aguascalientes,1.45,1.45,24.18,1724,0.6,70.4,0.4,0.2,0.8,5,0.43,0.4,0.49,0.4,0.6,0.2,63
Mexico,San Pedro,1.99,1.99,162.41,4228,0.6,66.0,0.4,0.6,0.8,3,0.68,1.0,0.47,0.8,0.0,0.6,63
Mexico,La Paz,1.08,1.08,252.5,1557,0.4,78.5,0.4,0.4,0.8,2,0.42,0.6,0.35,0.4,0.8,0.2,63
Singapore,Singapore,2.38,2.38,212.16,3765,1.0,32.9,0.6,0.2,0.62,55,0.86,1.0,0.78,0.6,0.8,1.0,5
China,Shanghai,2.92,2.92,145.84,2147,1.0,74.9,0.8,0.2,1.0,6,0.76,0.96,0.76,0.8,0.8,0.82,5
China,Zhongshan,0.0,0.0,525.23,1711,0.6,74.9,0.4,0.2,0.4,78,0.69,0.4,0.7,0.4,0.2,0.6,5
China,Zhongshan,0.0,0.0,525.23,1711,0.6,74.9,0.4,0.2,0.4,78,0.69,0.4,0.7,0.4,0.2,0.6,5
China,Shenzhen,2.19,2.19,291.68,1581,0.6,74.9,0.6,0.2,0.6,18,0.66,0.6,0.69,0.4,0.4,0.6,5
China,Hangzhou,1.46,1.46,118.67,1595,0.8,74.9,1.0,0.2,0.8,20,0.66,0.6,0.69,0.8,0.4,0.6,5
China,Dongguan,4.79,4.79,72.92,1942,0.6,74.9,0.4,0.2,0.6,5,0.66,0.6,0.68,0.4,0.2,0.6,5
China,Dongguan,4.79,4.79,72.92,1942,0.6,74.9,0.4,0.2,0.6,5,0.66,0.6,0.68,0.4,0.2,0.6,5
China,Zibo,1.57,1.57,481.28,1226,0.6,74.9,0.4,0.2,0.4,18,0.65,0.4,0.67,0.4,0.2,0.6,5
China,Nanyang,0.73,0.73,59.25,387,0.8,74.9,0.4,0.2,0.4,13,0.63,0.6,0.67,0.6,0.4,0.8,5
China,Zhoukou,1.09,1.09,88.96,519,0.8,74.9,0.4,0.2,0.6,0,0.65,0.6,0.65,0.4,0.4,0.8,5
China,Nanjing,1.09,1.09,88.96,1912,0.8,74.9,0.6,0.2,0.8,6,0.69,0.8,0.64,0.6,0.4,0.8,5
China,Weifang,1.09,1.09,88.96,1058,0.8,74.9,0.4,0.2,0.6,0,0.64,0.6,0.64,0.4,0.4,0.8,5
China,Shijiazhuang,1.09,1.09,88.96,1129,0.8,74.9,0.4,0.2,0.6,25,0.63,0.4,0.63,0.4,0.4,0.8,5
China,Dalian,1.82,1.82,148.21,1547,0.6,74.9,0.4,0.2,0.8,6,0.63,0.4,0.6,0.6,0.4,0.6,5
China,Chaoyang,3.15,3.15,72.92,1651,0.6,74.9,0.4,0.2,0.6,3,0.68,0.6,0.58,0.8,0.2,0.6,5
China,Kunming,3.15,3.15,72.92,1146,0.6,74.9,0.4,0.2,0.6,4,0.63,0.2,0.55,0.4,0.4,0.6,5
China,Haikou,1.26,1.26,72.92,1732,0.6,74.9,0.4,0.2,0.6,4,0.68,0.6,0.55,0.4,0.2,0.6,5
China,Fuzhou,4.1,4.1,72.92,2163,0.6,74.9,0.4,0.2,0.6,3,0.65,0.6,0.54,0.4,0.2,0.6,5
China,Fuzhou,4.1,4.1,72.92,2163,0.6,74.9,0.4,0.2,0.6,3,0.65,0.6,0.54,0.4,0.2,0.6,5
China,Guiyang,2.3,2.3,72.92,818,0.6,74.9,0.4,0.2,0.6,3,0.64,0.6,0.53,0.4,0.2,0.6,5
China,Huainan,3.15,3.15,72.92,1210,0.6,74.9,0.4,0.2,0.6,4,0.64,0.6,0.53,0.4,0.2,0.6,5
China,Changzhou,3.86,3.86,72.92,1533,0.6,74.9,0.4,0.2,0.6,3,0.64,0.6,0.52,0.4,0.2,0.8,5
China,Jiangmen,3.15,3.15,72.92,1677,0.6,74.9,0.4,0.2,0.6,2,0.65,0.6,0.52,0.4,0.2,0.8,5
China,Jinan,3.15,3.15,72.92,1129,0.6,74.9,0.4,0.2,0.6,2,0.63,0.6,0.52,0.4,0.2,0.6,5
China,Jiaxing,3.94,3.94,72.92,1550,0.6,74.9,0.4,0.2,0.6,3,0.64,0.6,0.51,0.4,0.2,0.6,5
China,Hefei,3.15,3.15,72.92,1479,0.6,74.9,0.4,0.2,0.6,3,0.64,0.6,0.51,0.4,0.2,0.6,5
China,Changsha,3.15,3.15,72.92,2897,0.6,74.9,0.4,0.2,0.6,3,0.64,0.6,0.51,0.4,0.2,0.6,5
China,Changsha,3.15,3.15,72.92,2897,0.6,74.9,0.4,0.2,0.6,3,0.64,0.6,0.51,0.4,0.2,0.6,5
China,Foshan,2.67,2.67,72.92,1294,0.6,74.9,0.4,0.2,0.6,4,0.6,0.4,0.51,0.4,0.4,0.6,5
China,Beijing,2.55,2.55,243.55,1893,0.6,74.9,0.4,0.2,0.4,3,0.57,0.45,0.51,0.8,0.4,0.6,5
China,Nantong,3.15,3.15,72.92,1579,0.6,74.9,0.4,0.2,0.6,3,0.64,0.2,0.51,0.4,0.4,0.6,5
China,Changshu,3.15,3.15,72.92,1590,0.6,74.9,0.4,0.2,0.6,4,0.61,0.6,0.51,0.4,0.2,0.6,5
China,Nanchang,0.73,0.73,59.25,584,0.8,74.9,0.8,0.2,0.4,3,0.61,0.6,0.51,0.4,0.4,0.8,5
China,Yiwu,0.0,0.0,467.23,1385,0.6,74.9,0.4,0.2,0.6,2,0.64,0.4,0.51,0.4,0.2,0.6,5
China,Xiamen,3.5,3.5,591.06,2087,0.6,74.9,0.4,0.2,0.6,2,0.65,0.4,0.51,0.4,0.2,0.6,5
China,Zhuhai,2.43,2.43,477.54,2041,0.6,74.9,0.4,0.2,0.4,2,0.63,0.4,0.51,0.4,0.2,0.6,5
China,Shantou,0.73,0.73,59.25,623,0.8,74.9,0.6,0.2,0.6,0,0.61,0.4,0.5,0.6,0.4,0.8,5
China,Huizhou,3.15,3.15,72.92,2792,0.6,74.9,0.4,0.2,0.6,4,0.66,0.6,0.5,0.4,0.2,0.6,5
China,Wuhan,1.09,1.09,88.96,915,0.8,74.9,0.2,0.2,0.4,3,0.61,0.4,0.5,0.2,0.4,0.8,5
China,Hohhot,3.15,3.15,72.92,1531,0.6,74.9,0.4,0.2,0.6,2,0.63,0.6,0.5,0.4,0.2,0.6,5
China,Guangzhou,1.09,1.09,88.96,972,0.6,74.9,0.4,0.2,0.6,4,0.61,0.6,0.5,0.4,0.4,0.6,5
China,Quanzhou,2.67,2.67,72.92,1259,0.6,74.9,0.6,0.2,0.6,4,0.61,0.4,0.49,0.4,0.4,0.6,5
China,Tianjin,1.09,1.09,88.96,1178,0.8,74.9,0.6,0.2,0.6,3,0.59,0.4,0.49,0.6,0.4,0.8,5
China,Taiyuan,4.73,4.73,72.92,1563,0.6,74.9,0.4,0.2,0.6,4,0.59,0.4,0.49,0.4,0.4,0.6,5
China,Wenzhou,1.39,1.39,112.63,1214,0.8,74.9,0.2,0.2,0.4,2,0.6,0.4,0.49,0.4,0.4,0.8,5
China,Qingdao,1.46,1.46,118.67,1590,0.8,74.9,0.8,0.2,0.6,2,0.62,0.6,0.49,0.6,0.4,0.6,5
China,Chongqing,0.8,0.8,65.3,764,0.8,74.9,0.8,0.2,0.6,2,0.59,0.6,0.49,0.6,0.4,0.6,5
China,Chengdu,1.09,1.09,88.96,944,0.8,74.9,0.6,0.2,0.6,4,0.6,0.6,0.49,0.6,0.4,0.8,5
China,Weihai,0.44,0.44,373.99,1373,0.6,74.9,0.4,0.2,0.4,0,0.6,0.4,0.49,0.4,0.2,0.6,5
China,Changchun,3.09,3.09,72.92,1252,0.6,74.9,0.4,0.2,0.6,4,0.61,0.6,0.48,0.4,0.2,0.6,5
China,Jiamusi,3.15,3.15,72.92,1023,0.6,74.9,0.4,0.2,0.6,3,0.61,0.6,0.48,0.4,0.2,0.6,5
China,Wuxi,3.94,3.94,549.6,2148,0.6,74.9,0.4,0.2,0.4,2,0.61,0.4,0.48,0.4,0.2,0.6,5
China,Wuxi,3.94,3.94,549.6,2148,0.6,74.9,0.4,0.2,0.4,2,0.61,0.4,0.48,0.4,0.2,0.6,5
China,Linyi,1.09,1.09,88.96,1103,0.8,74.9,0.4,0.2,0.6,0,0.61,0.2,0.48,0.2,0.4,0.8,5
China,Yantai,3.94,3.94,465.62,1767,0.6,74.9,0.4,0.2,0.4,2,0.6,0.4,0.48,0.4,0.2,0.6,5
China,Anshan,0.8,0.8,72.92,763,0.6,74.9,0.4,0.2,0.6,2,0.58,0.4,0.48,0.4,0.2,0.6,5
China,Anshan,0.8,0.8,72.92,763,0.6,74.9,0.4,0.2,0.6,2,0.58,0.4,0.48,0.4,0.2,0.6,5
China,Suzhou,1.09,1.09,88.96,1036,0.8,74.9,0.4,0.2,0.6,4,0.6,0.6,0.48,0.4,0.4,0.8,5
China,Suzhou,1.09,1.09,88.96,1036,0.8,74.9,0.4,0.2,0.6,4,0.6,0.6,0.48,0.4,0.4,0.8,5
China,Shenyang,2.67,2.67,72.92,1213,0.6,74.9,0.4,0.2,0.6,3,0.56,0.4,0.47,0.4,0.4,0.6,5
China,Fushun,3.15,3.15,72.92,1844,0.6,74.9,0.4,0.2,0.6,3,0.61,0.6,0.47,0.4,0.2,0.6,5
China,Zhengzhou,1.09,1.09,88.96,1178,0.6,74.9,0.4,0.2,0.6,2,0.57,0.6,0.46,0.4,0.4,0.6,5
China,Handan,1.09,1.09,88.96,729,0.8,74.9,0.4,0.2,0.4,0,0.55,0.6,0.46,0.4,0.4,0.8,5
China,Putian,2.67,2.67,72.92,2455,0.6,74.9,0.4,0.2,0.6,0,0.6,0.4,0.46,0.4,0.4,0.6,5
China,Tangshan,2.67,2.67,72.92,1622,0.6,74.9,0.4,0.2,0.6,2,0.58,0.4,0.45,0.4,0.4,0.6,5
China,Baoding,0.73,0.73,59.25,706,0.8,74.9,0.4,0.2,0.4,1,0.5,0.4,0.45,0.2,0.4,0.8,5
China,Harbin,2.19,2.19,177.92,1209,0.8,74.9,0.4,0.2,0.4,3,0.56,0.4,0.44,0.4,0.4,0.8,5
China,Qiqihar,2.67,2.67,72.92,1143,0.6,74.9,0.4,0.2,0.6,4,0.54,0.4,0.42,0.4,0.4,0.6,5
China,Qinhuangdao,2.67,2.67,72.92,3387,0.6,74.9,0.4,0.2,0.6,2,0.57,0.4,0.4,0.4,0.4,0.6,5
El Salvador,Victoria,4.06,4.06,240.03,3061,1.0,23.8,1.0,0.8,1.0,0,0.83,0.6,0.76,0.8,1.0,1.0,1
El Salvador,San Francisco,5.0,5.0,570.0,4879,0.8,34.0,1.0,0.6,1.0,9,0.83,1.0,0.71,0.8,0.8,0.62,1
El Salvador,San Salvador,1.75,1.75,200.0,1486,0.2,72.5,0.8,0.4019999999999999,0.8,3,0.61,0.8,0.54,0.4,0.0,0.4,1
Russia,Moscow,3.79,3.79,197.02,1883,0.4,81.0,1.0,0.2,0.4,13,0.59,1.0,0.75,1.0,0.6,0.6,1
Russia,Saint Petersburg,3.03,3.03,113.67,1724,0.4,81.0,0.6,0.2,0.8,0,0.57,0.4,0.69,1.0,0.64,0.58,1
Russia,Kazan,6.06,6.06,60.62,2107,0.4,81.0,0.4,0.2,0.6,11,0.59,0.6,0.67,0.8,0.4,0.44,1
Russia,Yekaterinburg,3.03,3.03,181.87,1378,0.62,81.0,0.4,0.2,0.27,10,0.57,0.6,0.65,0.8,0.4,0.6,1
Russia,Obninsk,0.76,0.76,61.63,621,0.4,81.0,0.2,0.2,0.4,23,0.49,0.2,0.64,0.2,0.4,0.4,1
Russia,Saratov,1.44,1.44,69.72,982,0.4,81.0,0.6,0.2,0.8,12,0.53,0.4,0.64,0.4,0.4,0.4,1
Russia,Kaliningrad,5.3,5.3,431.43,2531,0.6,81.0,0.4,0.2,0.6,16,0.58,0.4,0.62,0.4,0.4,0.6,1
Russia,Krasnoyarsk,4.55,4.55,369.8,1945,0.6,81.0,0.6,0.2,0.8,11,0.61,0.6,0.62,0.4,0.4,0.8,1
Russia,Izhevsk,2.61,2.61,212.63,1177,0.6,81.0,0.4,0.2,0.6,12,0.54,0.6,0.59,0.4,0.4,0.6,1
Russia,Samara,1.52,1.52,60.62,1086,0.4,81.0,0.4,0.2,0.8,6,0.49,0.2,0.59,0.4,1.8181818181818e+28,0.4,1
Russia,Tomsk,3.41,3.41,277.35,1511,0.6,81.0,0.4,0.2,0.8,25,0.56,0.4,0.59,0.2,0.4,0.8,1
Russia,Novosibirsk,2.65,2.65,30.31,1074,0.6,81.0,0.6,0.2,0.6,10,0.54,0.6,0.58,0.4,0.45,0.6,1
Russia,Chelyabinsk,3.27,3.27,266.25,1606,0.6,81.0,0.6,0.2,0.6,18,0.55,0.4,0.57,0.4,0.4,0.6,1
Russia,Ufa,2.59,2.59,218.57,1167,0.4,81.0,0.4,0.2,0.45,10,0.51,0.2,0.55,0.4,0.4,0.6,1
Russia,Varna,2.06,2.06,110.07,1708,0.6,53.7,0.6,0.4,0.8,4,0.69,0.6,0.55,0.4,0.4,0.8,1
Russia,Krasnodar,2.15,2.15,227.47,1152,0.6,81.0,0.6,0.2,0.8,3,0.57,0.8,0.51,0.4,0.4,0.8,1
Russia,Vladivostok,4.55,4.55,369.8,2014,0.6,81.0,0.4,0.2,0.6,3,0.54,0.6,0.43,0.4,0.4,0.8,1
Dominican Republic,Santiago,1.5,1.5,182.5,1516,0.0,41.9,0.4,0.8,1.0,18,0.72,0.4,0.75,0.8,0.8,0.6,3
Dominican Republic,San Juan,6.0,6.0,250.0,2618,0.6,34.0,0.6,0.6,1.0,16,0.78,1.0,0.73,0.4,0.8,0.8,3
Dominican Republic,Santo Domingo,3.78,3.78,95.57,1763,0.6,70.8,0.4,0.6,0.8,7,0.69,1.0,0.71,0.4,0.8,0.4,3
Dominican Republic,Jarabacoa,2.81,2.81,64.86,1116,0.6,70.8,1.0,0.6,1.0,7,0.7,0.6,0.68,0.95,0.8,0.6,3
Peru,Santiago,1.5,1.5,182.5,1516,0.0,41.9,0.4,0.8,1.0,18,0.72,0.4,0.75,0.8,0.8,0.6,1
Peru,Chachapoyas,1.46,1.46,118.58,895,0.0,72.0,0.4,0.6,0.8,0,0.68,0.4,0.68,0.4,0.6,0.6,1
Peru,Lima,1.46,1.46,145.94,2231,0.4,72.0,0.4,0.6,0.8,3,0.63,0.6,0.55,0.8,0.6,0.6,1
Peru,Arequipa,1.46,1.46,116.75,1537,0.0,72.0,0.4,0.6,1.0,4,0.67,0.6,0.55,0.4,0.6,0.56,1
Peru,Cusco,2.63,2.63,213.65,1850,0.4,72.0,0.4,0.6,0.4,1,0.59,0.4,0.48,0.6,0.6,0.6,1
Turkey,Adana,2.36,2.36,25.0,1542,0.75,77.3,0.75,0.2,0.75,12,0.71,0.6,0.73,0.6,0.56,0.93,1
Turkey,Gaziantep,0.0,0.0,272.28,1872,0.6,77.3,0.6,0.2,0.8,9,0.69,0.6,0.68,0.6,0.4,0.8,1
Turkey,Antalya,2.29,2.29,260.38,2016,0.4,77.3,0.4,0.2,1.0,7,0.71,0.8,0.67,0.4,0.4,0.8,1
Turkey,Istanbul,2.29,2.29,152.45,2273,0.44,77.3,0.6,0.2,0.8,8,0.63,1.0,0.65,0.8,0.8,0.4,1
Turkey,Konya,1.94,1.94,217.23,1539,0.6,77.3,0.6,0.2,0.0,6,0.67,0.0,0.64,0.0,0.6,0.8,1
Turkey,Ankara,2.29,2.29,1524.46,3547,0.38,77.3,0.6,0.2,0.6,49,0.66,0.4,0.63,0.6,0.42,0.8,1
Turkey,Alanya,1.83,1.83,248.1,2176,0.4,77.3,0.8,0.2,0.8,5,0.67,0.6,0.63,0.8,0.4,0.6,1
Turkey,Bursa,1.52,1.52,130.19,2108,0.6,77.3,0.4,0.2,0.6,19,0.65,0.4,0.62,0.4,0.4,0.6,1
Turkey,Bodrum,1.52,1.52,260.38,3076,0.4,77.3,0.4,0.2,1.0,7,0.64,1.0,0.58,0.6,0.4,0.64,1
Croatia,Zadar,1.07,1.07,87.36,1916,0.8,52.4,0.8,0.6,0.8,45,0.75,0.4,0.73,0.8,0.4,0.8,1
Croatia,Zagreb,1.43,1.43,143.21,1960,0.62,52.4,0.8,0.6,0.8,17,0.72,0.6,0.69,0.4,0.42,0.8,1
Croatia,Split,1.07,1.07,229.13,2246,0.8,52.4,0.6,0.6,0.8,9,0.72,0.4,0.68,0.4,0.4,0.6,1
Croatia,Osijek,1.07,1.07,87.36,1508,0.6,52.4,0.6,0.6,0.8,9,0.69,0.4,0.68,0.6,0.4,0.6,1
Croatia,Rijeka,1.07,1.07,87.36,1958,0.6,52.4,0.8,0.6,0.8,8,0.7,0.4,0.67,0.4,0.4,0.8,1
Croatia,Dubrovnik,3.21,3.21,226.95,4532,0.4,52.4,0.6,0.6,0.6,12,0.72,0.4,0.61,0.6,0.6,0.8,1
Honduras,San Juan,6.0,6.0,250.0,2618,0.6,34.0,0.6,0.6,1.0,16,0.78,1.0,0.73,0.4,0.8,0.8,6
Honduras,San Francisco,5.0,5.0,570.0,4879,0.8,34.0,1.0,0.6,1.0,9,0.83,1.0,0.71,0.8,0.8,0.62,6
Honduras,San Francisco,5.0,5.0,570.0,4879,0.8,34.0,1.0,0.6,1.0,9,0.83,1.0,0.71,0.8,0.8,0.62,6
Honduras,Tegucigalpa,1.98,1.98,249.16,2472,0.6,79.8,0.2,0.2,0.4,5,0.41,0.2,0.44,0.2,0.6,0.2,6
Honduras,La Paz,1.08,1.08,252.5,1557,0.4,78.5,0.4,0.4,0.8,2,0.42,0.6,0.35,0.4,0.8,0.2,6
Bulgaria,Sofia,2.75,2.75,148.59,2037,0.6,53.7,1.0,0.4,0.8,20,0.71,0.8,0.72,0.8,0.4,0.6,1
Bulgaria,Plovdiv,4.13,4.13,165.1,2267,0.6,53.7,0.96,0.4,0.8,21,0.74,0.6,0.71,0.4,0.4,0.8,1
Bulgaria,Burgas,7.5,7.5,610.0,3212,1.0,53.7,1.0,0.4,0.8,24,0.76,1.0,0.69,0.4,0.4,0.6,1
Bulgaria,Varna,2.06,2.06,110.07,1708,0.6,53.7,0.6,0.4,0.8,4,0.69,0.6,0.55,0.4,0.4,0.8,1
Malaysia,Kuala Lumpur,0.69,0.69,92.16,1330,0.4,66.1,0.6,0.2,0.38,3,0.72,0.2,0.71,1.0,0.0,0.6,8
Malaysia,Johor Bahru,0.81,0.81,80.64,1283,0.4,66.1,0.4,0.2,0.6,10,0.61,0.4,0.67,0.4,0.0,0.4,8
Malaysia,Kota Kinabalu,0.86,0.86,70.28,1528,0.0,66.1,0.4,0.2,0.8,3,0.69,0.2,0.59,0.6,0.0,0.8,8
Malaysia,Ipoh,3.0,3.0,294.59,1824,0.6,66.1,0.4,0.2,0.6,4,0.61,0.4,0.5,0.4,0.4,0.4,8
Malaysia,George Town,2.65,2.65,150.0,4358,0.6,66.1,0.6,0.2,0.6,2,0.66,0.6,0.46,0.6,0.4,0.6,8
Cuba,Santo Domingo,3.78,3.78,95.57,1763,0.6,70.8,0.4,0.6,0.8,7,0.69,1.0,0.71,0.4,0.8,0.4,5
Cuba,Havana,1.0,1.0,183.0,1963,0.6,66.3,0.4,0.2,1.0,6,0.73,0.8,0.68,0.4,0.6,0.8,5
Cuba,Salvador,2.36,2.36,203.94,2198,0.6,65.3,0.6,0.4,0.6,9,0.64,0.8,0.67,0.6,0.6,0.4,5
Nicaragua,Santo Domingo,3.78,3.78,95.57,1763,0.6,70.8,0.4,0.6,0.8,7,0.69,1.0,0.71,0.4,0.8,0.4,4
Nicaragua,Granada,5.38,5.38,322.6,2514,0.8,39.8,0.2,0.8,0.6,6,0.74,1.0,0.69,0.4,0.4,0.6,4
Nicaragua,Managua,1.82,1.82,138.94,1261,0.6,79.0,0.2,0.6,0.8,2,0.63,0.4,0.54,0.6,0.0,0.6,4
Guatemala,San Francisco,5.0,5.0,570.0,4879,0.8,34.0,1.0,0.6,1.0,9,0.83,1.0,0.71,0.8,0.8,0.62,5
Guatemala,Guatemala City,1.67,1.67,121.9,1913,0.4,83.2,0.4,0.4,0.8,4,0.36,0.4,0.34,0.4,0.6,0.2,5
Jamaica,Kingston,2.32,2.32,188.61,1325,0.6,65.0,0.6,0.8,0.6,9,0.67,1.0,0.71,0.6,0.0,0.4,3
United Arab Emirates,Dubai,3.4,3.4,680.65,5452,0.62,44.5,0.64,0.4,0.8,6,0.78,0.43,0.7,0.8,0.64,1.0,1
United Arab Emirates,Sharjah,2.99,2.99,243.4,3288,0.8,44.5,0.8,0.4,1.0,9,0.74,0.2,0.65,0.4,0.6,0.8,1
United Arab Emirates,Abu Dhabi,6.81,6.81,553.71,5194,0.44,44.5,0.8,0.4,0.82,6,0.76,0.62,0.64,0.82,0.6,0.82,1
Oman,Muscat,2.6,2.6,23.37,3602,0.6,51.6,0.4,0.2,0.6,6,0.75,0.4,0.69,0.6,0.0,0.8,1
Monaco,Monaco,5.38,5.38,225.82,5401,0.8,80.39999999999999,0.6,0.8039999999999999,0.8,19,0.82,1.0,0.68,0.8,0.6,1.0,1
Brunei,Bandar Seri Begawan,1.41,1.41,105.9,2795,0.6,62.0,0.6,0.2,0.8,0,0.69,0.4,0.68,0.8,0.4,0.6,2
Sri Lanka,Colombo,0.84,0.84,68.7,1046,0.8,87.7,0.6,0.2,1.0,6,0.66,0.24,0.67,0.6,0.0,0.8,12
Sri Lanka,Kandy,2.03,2.03,261.07,1272,0.6,87.7,0.6,0.2,0.8,6,0.63,0.6,0.66,0.6,0.4,0.6,12
Mauritius,Port Louis,4.19,4.19,323.62,2399,0.6,43.2,0.6,0.6,0.8,5,0.73,0.6,0.65,0.8,0.4,0.6,1
South Africa,Cape Town,3.49,3.49,139.61,2677,0.6,69.9,0.6,0.6,0.8,3,0.71,0.8,0.63,0.8,0.6,0.42,4
South Africa,Pretoria,3.14,3.14,255.48,2465,0.6,69.9,0.8,0.6,0.6,4,0.69,0.8,0.54,0.8,0.6,0.6,4
South Africa,Port Elizabeth,2.79,2.79,227.12,2369,0.6,69.9,0.6,0.6,0.8,2,0.61,0.4,0.53,0.6,0.6,0.4,4
South Africa,Durban,4.19,4.19,244.31,3240,0.6,69.9,0.4,0.6,0.8,3,0.59,0.4,0.49,0.4,0.6,0.4,4
South Africa,Johannesburg,2.79,2.79,195.45,2467,0.4,69.9,0.4,0.6,0.8,4,0.42,0.4,0.35,0.8,0.6,0.2,4
Bangladesh,Dhaka,2.54,2.54,190.51,1703,0.4,90.7,0.2,0.2,0.8,5,0.49,0.27,0.62,0.4,0.4,0.27,4
Bangladesh,Khulna,7.62,7.62,63.5,1279,0.6,90.7,0.6,0.2,0.6,2,0.48,0.4,0.47,0.4,0.4,0.6,4
Bermuda,Hamilton,10.0,10.0,813.74,6345,0.6,75.39999999999999,0.6,0.7539999999999999,0.8,6,0.77,0.8,0.57,0.4,0.8,0.8,1
Kenya,Nairobi,1.47,1.47,196.49,1679,0.2,98.3,0.2,0.4,1.0,8,0.43,1.0,0.57,0.4,0.0,0.4,1
Pakistan,Lahore,0.95,0.95,85.4,1583,0.2,101.7,0.4,0.2,0.6,5,0.37,0.4,0.54,0.4,0.8,0.6,1
Pakistan,Faisalabad,4.15,4.15,28.58,2577,0.2,101.7,0.4,0.2,0.4,2,0.26,0.2,0.36,0.4,0.2,0.4,1
Pakistan,Islamabad,0.95,0.95,77.48,1423,0.2,101.7,0.2,0.2,0.4,2,0.26,0.2,0.34,0.4,0.8,0.4,1
Pakistan,Peshawar,2.83,2.83,174.41,4245,0.2,101.7,0.4,0.2,0.2,1,0.26,0.2,0.3,0.2,0.2,0.4,1
Pakistan,Rawalpindi,0.71,0.71,28.58,915,0.2,101.7,0.4,0.2,0.4,2,0.1,0.4,0.21,0.2,0.8,0.2,1
Pakistan,Gujranwala,2.5,2.5,28.58,1449,0.2,101.7,0.4,0.2,0.4,1,0.11,0.2,0.21,0.4,0.2,0.2,1
Pakistan,Karachi,2.38,2.38,114.3,3144,0.2,101.7,0.4,0.2,0.6,3,0.12,0.4,0.2,0.4,0.8,0.2,1
Pakistan,Bahawalpur,4.0,4.0,28.58,2637,0.2,101.7,0.4,0.2,0.4,2,0.11,0.2,0.18,0.4,0.2,0.2,1
Belize,Belize City,2.99,2.99,243.31,3162,0.6,66.0,0.6,0.6,0.8,1,0.66,0.6,0.53,0.4,0.0,0.6,5
Belize,San Pedro,1.99,1.99,162.41,4228,0.6,66.0,0.4,0.6,0.8,3,0.68,1.0,0.47,0.8,0.0,0.6,5
Mozambique,Maputo,2.43,2.43,197.49,1965,0.4,87.8,0.4,0.4,0.8,2,0.53,0.4,0.47,0.4,0.6,0.6,4
Cayman Islands,George Town,2.65,2.65,150.0,4358,0.6,66.1,0.6,0.2,0.6,2,0.66,0.6,0.46,0.6,0.4,0.6,3
Madagascar,Antananarivo,1.18,1.18,255.3,1285,0.4,84.2,0.4,0.6,0.4,0,0.5,0.2,0.46,0.4,0.6,0.8,1
Tanzania,Dar es Salaam,1.49,1.49,274.99,1823,0.4,81.8,0.4,0.6,0.6,2,0.5,0.4,0.45,0.2,0.0,0.4,3
